,active,activity_due,additional_assignee_list,approval,approval_history,approval_set,assigned_to,assignment_group,business_duration,business_service,business_stc,calendar_duration,calendar_stc,caller_id,category,caused_by,child_incidents,close_code,close_notes,closed_at,closed_by,cmdb_ci,comments,comments_and_work_notes,company,contact_type,contract,correlation_display,correlation_id,delivery_plan,delivery_task,u_portfolio,description,due_date,escalation,expected_start,follow_up,group_list,hold_reason,impact,incident_state,knowledge,location,made_sla,notify,number,opened_at,opened_by,order,parent,parent_incident,priority,problem_id,reassignment_count,reopen_count,reopened_by,reopened_time,resolved_at,resolved_by,rfc,route_reason,service_offering,severity,short_description,sla_due,state,subcategory,sys_class_name,sys_created_by,sys_created_on,sys_domain,sys_domain_path,sys_id,sys_mod_count,sys_tags,sys_updated_by,sys_updated_on,task_effective_number,time_worked,universal_request,upon_approval,upon_reject,urgency,user_input,watch_list,work_end,work_notes,work_notes_list,work_start
0,FALSE,12/13/2016 1:26,,not requested,,,"{'link': 'https://<instance_name>.service-now.com/api/now/table/sys_user/5137153cc611227c000bbd1bd8cd2007', 'value': '5137153cc611227c000bbd1bd8cd2007'}","{'link': 'https://<instance_name>.service-now.com/api/now/table/sys_user_group/287ebd7da9fe198100f92cc8d1d2154e', 'value': '287ebd7da9fe198100f92cc8d1d2154e'}",1/1/1970 8:00,"{'link': 'https://<instance_name>.service-now.com/api/now/table/cmdb_ci_service/27d32778c0a8000b00db970eeaa60f16', 'value': '27d32778c0a8000b00db970eeaa60f16'}",28800,1/2/1970 4:23,102197,"{'link': 'https://<instance_name>.service-now.com/api/now/table/sys_user/681ccaf9c0a8016400b98a06818d57c7', 'value': '681ccaf9c0a8016400b98a06818d57c7'}",inquiry,,0,Solved (Permanently),This incident is resolved.,12/14/2016 2:46,"{'link': 'https://<instance_name>.service-now.com/api/now/table/sys_user/681ccaf9c0a8016400b98a06818d57c7', 'value': '681ccaf9c0a8016400b98a06818d57c7'}","{'link': 'https://<instance_name>.service-now.com/api/now/table/cmdb_ci/109562a3c611227500a7b7ff98cc0dc7', 'value': '109562a3c611227500a7b7ff98cc0dc7'}",,,"{'link': 'https://<instance_name>.service-now.com/api/now/table/core_company/31bea3d53790200044e0bfc8bcbe5dec', 'value': '31bea3d53790200044e0bfc8bcbe5dec'}",self-service,,,,,,IBM IT Helpdesk,I am unable to connect to the email server. It appears to be down.,,0,,,,,2,7,FALSE,,TRUE,1,INC0000060,12/12/2016 15:19,"{'link': 'https://<instance_name>.service-now.com/api/now/table/sys_user/681ccaf9c0a8016400b98a06818d57c7', 'value': '681ccaf9c0a8016400b98a06818d57c7'}",,,,3,,2,0,,,12/13/2016 21:43,"{'link': 'https://<instance_name>.service-now.com/api/now/table/sys_user/5137153cc611227c000bbd1bd8cd2007', 'value': '5137153cc611227c000bbd1bd8cd2007'}",,,,3,Unable to connect to email,,7,email,incident,employee,12/12/2016 15:19,"{'link': 'https://<instance_name>.service-now.com/api/now/table/sys_user_group/global', 'value': 'global'}",/,1c741bd70b2322007518478d83673af3,15,,employee,12/14/2016 2:46,INC0000060,,,proceed,cancel,2,,,,,,
1,FALSE,,,not requested,,,,,1/1/1970 0:00,,0,1/1/1970 0:01,114,"{'link': 'https://<instance_name>.service-now.com/api/now/table/sys_user/77ad8176731313005754660c4cf6a7de', 'value': '77ad8176731313005754660c4cf6a7de'}",Hardware,,1,Solved (Permanently),This is not an issue with the USB port. Replaced the headset to resolve the issue.,12/10/2018 3:29,"{'link': 'https://<instance_name>.service-now.com/api/now/table/sys_user/6816f79cc0a8016401c5a33be04be441', 'value': '6816f79cc0a8016401c5a33be04be441'}",,,,,,,,,,"
",IBM INFRA Helpdesk,My computer is not detecting the headphone device. It could be an issue with the USB port.,,0,,,,,2,7,FALSE,,TRUE,1,INC0009002,9/16/2018 12:49,"{'link': 'https://<instance_name>.service-now.com/api/now/table/sys_user/6816f79cc0a8016401c5a33be04be441', 'value': '6816f79cc0a8016401c5a33be04be441'}",,,,3,,0,0,,,9/16/2018 12:51,"{'link': 'https://<instance_name>.service-now.com/api/now/table/sys_user/6816f79cc0a8016401c5a33be04be441', 'value': '6816f79cc0a8016401c5a33be04be441'}",,,,3,My computer is not detecting the headphone device,,7,,incident,admin,9/16/2018 12:50,"{'link': 'https://<instance_name>.service-now.com/api/now/table/sys_user_group/global', 'value': 'global'}",/,1c832706732023002728660c4cf6a7b9,9,,system,8/29/2020 19:09,INC0009002,,,proceed,cancel,2,,,,,,
2,FALSE,,,not requested,,,"{'link': 'https://<instance_name>.service-now.com/api/now/table/sys_user/5137153cc611227c000bbd1bd8cd2007', 'value': '5137153cc611227c000bbd1bd8cd2007'}","{'link': 'https://<instance_name>.service-now.com/api/now/table/sys_user_group/d625dccec0a8016700a222a0f7900d06', 'value': 'd625dccec0a8016700a222a0f7900d06'}",1/21/1970 6:05,,1749949,3/26/1970 21:05,7333549,"{'link': 'https://<instance_name>.service-now.com/api/now/table/sys_user/5137153cc611227c000bbd1bd8cd2006', 'value': '5137153cc611227c000bbd1bd8cd2006'}",inquiry,,,Closed/Resolved by Caller,"Closed before close notes were made mandatory
		",6/5/2020 22:55,"{'link': 'https://<instance_name>.service-now.com/api/now/table/sys_user/9ee1b13dc6112271007f9d0efdb69cd0', 'value': '9ee1b13dc6112271007f9d0efdb69cd0'}",,,,"{'link': 'https://<instance_name>.service-now.com/api/now/table/core_company/31bea3d53790200044e0bfc8bcbe5dec', 'value': '31bea3d53790200044e0bfc8bcbe5dec'}",phone,,,,,,IBM IT Helpdesk,I can't remember my password and need to log in. Can someone reset my password asap? I am blocked on several urgent items until I can log in again.,,0,,,,,1,7,FALSE,"{'link': 'https://<instance_name>.service-now.com/api/now/table/cmn_location/108752c8c611227501d4ab0e392ba97f', 'value': '108752c8c611227501d4ab0e392ba97f'}",FALSE,1,INC0000009,6/4/2020 22:50,"{'link': 'https://<instance_name>.service-now.com/api/now/table/sys_user/9ee1b13dc6112271007f9d0efdb69cd0', 'value': '9ee1b13dc6112271007f9d0efdb69cd0'}",,,,1,,1,,,,8/28/2020 19:56,"{'link': 'https://<instance_name>.service-now.com/api/now/table/sys_user/6816f79cc0a8016401c5a33be04be441', 'value': '6816f79cc0a8016401c5a33be04be441'}",,,,3,Reset my password,,7,,incident,don.goodliffe,6/10/2020 22:51,"{'link': 'https://<instance_name>.service-now.com/api/now/table/sys_user_group/global', 'value': 'global'}",/,46b66a40a9fe198101f243dfbc79033d,8,,admin,8/28/2020 20:16,INC0000009,,,,,1,,,,,,
3,FALSE,,,not requested,,,"{'link': 'https://<instance_name>.service-now.com/api/now/table/sys_user/9ee1b13dc6112271007f9d0efdb69cd0', 'value': '9ee1b13dc6112271007f9d0efdb69cd0'}","{'link': 'https://<instance_name>.service-now.com/api/now/table/sys_user_group/287ee6fea9fe198100ada7950d0b1b73', 'value': '287ee6fea9fe198100ada7950d0b1b73'}",1/22/1970 14:03,,1864990,4/1/1970 21:03,7851790,"{'link': 'https://<instance_name>.service-now.com/api/now/table/sys_user/5137153cc611227c000bbd1bd8cd2005', 'value': '5137153cc611227c000bbd1bd8cd2005'}",database,,,Closed/Resolved by Caller,"Closed before close notes were made mandatory
		",6/3/2020 22:54,"{'link': 'https://<instance_name>.service-now.com/api/now/table/sys_user/9ee1b13dc6112271007f9d0efdb69cd0', 'value': '9ee1b13dc6112271007f9d0efdb69cd0'}",,,,"{'link': 'https://<instance_name>.service-now.com/api/now/table/core_company/31bea3d53790200044e0bfc8bcbe5dec', 'value': '31bea3d53790200044e0bfc8bcbe5dec'}",phone,,,,,,IBM INFRA Helpdesk,Currently running 10GR1 and need to upgrade to 10GR2.,,0,,,,,2,7,FALSE,"{'link': 'https://<instance_name>.service-now.com/api/now/table/cmn_location/108752c8c611227501d4ab0e392ba97f', 'value': '108752c8c611227501d4ab0e392ba97f'}",FALSE,1,INC0000010,5/29/2020 22:53,"{'link': 'https://<instance_name>.service-now.com/api/now/table/sys_user/9ee1b13dc6112271007f9d0efdb69cd0', 'value': '9ee1b13dc6112271007f9d0efdb69cd0'}",,,,4,,2,,,,8/28/2020 19:56,"{'link': 'https://<instance_name>.service-now.com/api/now/table/sys_user/6816f79cc0a8016401c5a33be04be441', 'value': '6816f79cc0a8016401c5a33be04be441'}",,,,3,Need Oracle 10GR2 installed,,7,,incident,don.goodliffe,6/10/2020 22:54,"{'link': 'https://<instance_name>.service-now.com/api/now/table/sys_user_group/global', 'value': 'global'}",/,46b9490da9fe1981003c938dab89bda3,8,,admin,8/28/2020 20:16,INC0000010,,,,,3,,,,,,
4,FALSE,,,not requested,,,"{'link': 'https://<instance_name>.service-now.com/api/now/table/sys_user/681b365ec0a80164000fb0b05854a0cd', 'value': '681b365ec0a80164000fb0b05854a0cd'}","{'link': 'https://<instance_name>.service-now.com/api/now/table/sys_user_group/8a5055c9c61122780043563ef53438e3', 'value': '8a5055c9c61122780043563ef53438e3'}",1/20/1970 21:55,,1720500,3/25/1970 20:55,7246500,"{'link': 'https://<instance_name>.service-now.com/api/now/table/sys_user/9ee1b13dc6112271007f9d0efdb69cd0', 'value': '9ee1b13dc6112271007f9d0efdb69cd0'}",inquiry,,,Closed/Resolved by Caller,"Closed before close notes were made mandatory
		",6/9/2020 23:02,"{'link': 'https://<instance_name>.service-now.com/api/now/table/sys_user/9ee1b13dc6112271007f9d0efdb69cd0', 'value': '9ee1b13dc6112271007f9d0efdb69cd0'}",,,,"{'link': 'https://<instance_name>.service-now.com/api/now/table/core_company/31bea3d53790200044e0bfc8bcbe5dec', 'value': '31bea3d53790200044e0bfc8bcbe5dec'}",phone,,,,,,IBM INFRA Helpdesk,I'm replacing my old phone with a Blackberry and require assistance to get it set up. I'd like to get the files and contacts transferred to the new phone and need help getting the two factor authentication app set up on it.,,0,,,,,2,7,FALSE,"{'link': 'https://<instance_name>.service-now.com/api/now/table/cmn_location/105cf7f3c611227501e75e08b14a38ba', 'value': '105cf7f3c611227501e75e08b14a38ba'}",FALSE,1,INC0000011,6/5/2020 23:01,"{'link': 'https://<instance_name>.service-now.com/api/now/table/sys_user/9ee1b13dc6112271007f9d0efdb69cd0', 'value': '9ee1b13dc6112271007f9d0efdb69cd0'}",,,,3,,2,,,,8/28/2020 19:56,"{'link': 'https://<instance_name>.service-now.com/api/now/table/sys_user/6816f79cc0a8016401c5a33be04be441', 'value': '6816f79cc0a8016401c5a33be04be441'}",,,,3,Need new Blackberry set up,,7,,incident,don.goodliffe,6/10/2020 23:02,"{'link': 'https://<instance_name>.service-now.com/api/now/table/sys_user_group/global', 'value': 'global'}",/,46c03489a9fe19810148cd5b8cbf501e,7,,admin,8/28/2020 19:56,INC0000011,,,,,2,,,,,,
5,FALSE,,,not requested,,,"{'link': 'https://<instance_name>.service-now.com/api/now/table/sys_user/5137153cc611227c000bbd1bd8cd2007', 'value': '5137153cc611227c000bbd1bd8cd2007'}","{'link': 'https://<instance_name>.service-now.com/api/now/table/sys_user_group/287ee6fea9fe198100ada7950d0b1b73', 'value': '287ee6fea9fe198100ada7950d0b1b73'}",1/26/1970 13:49,,2209752,4/17/1970 20:49,9233352,"{'link': 'https://<instance_name>.service-now.com/api/now/table/sys_user/9ee1b13dc6112271007f9d0efdb69cd0', 'value': '9ee1b13dc6112271007f9d0efdb69cd0'}",software,,,Closed/Resolved by Caller,"Closed before close notes were made mandatory
		",6/5/2020 23:12,"{'link': 'https://<instance_name>.service-now.com/api/now/table/sys_user/9ee1b13dc6112271007f9d0efdb69cd0', 'value': '9ee1b13dc6112271007f9d0efdb69cd0'}","{'link': 'https://<instance_name>.service-now.com/api/now/table/cmdb_ci/0c43cc3ec61122750182c1324e2722d9', 'value': '0c43cc3ec61122750182c1324e2722d9'}",,,"{'link': 'https://<instance_name>.service-now.com/api/now/table/core_company/31bea3d53790200044e0bfc8bcbe5dec', 'value': '31bea3d53790200044e0bfc8bcbe5dec'}",phone,,,,,,IBM IT Helpdesk,I tried sending a fax to a customer through the eFax online portal and also via email. My customer did not receive the fax in both instances. I don't know if this is an issue on our side with transmission or on my customer's side.,,2,,,,,3,7,FALSE,"{'link': 'https://<instance_name>.service-now.com/api/now/table/cmn_location/105cf7f3c611227501e75e08b14a38ba', 'value': '105cf7f3c611227501e75e08b14a38ba'}",FALSE,1,INC0000012,5/13/2020 23:07,"{'link': 'https://<instance_name>.service-now.com/api/now/table/sys_user/f298d2d2c611227b0106c6be7f154bc8', 'value': 'f298d2d2c611227b0106c6be7f154bc8'}",,,,5,,1,,,,8/28/2020 19:56,"{'link': 'https://<instance_name>.service-now.com/api/now/table/sys_user/6816f79cc0a8016401c5a33be04be441', 'value': '6816f79cc0a8016401c5a33be04be441'}",,,,3,Customer didn't receive eFax,,7,,incident,glide.maint,6/10/2020 23:11,"{'link': 'https://<instance_name>.service-now.com/api/now/table/sys_user_group/global', 'value': 'global'}",/,46c88ac1a9fe1981014de1c831fbcf6d,6,,admin,8/28/2020 19:56,INC0000012,,,,,3,,,,,,
6,FALSE,,,not requested,,,"{'link': 'https://<instance_name>.service-now.com/api/now/table/sys_user/5137153cc611227c000bbd1bd8cd2007', 'value': '5137153cc611227c000bbd1bd8cd2007'}","{'link': 'https://<instance_name>.service-now.com/api/now/table/sys_user_group/8a4dde73c6112278017a6a4baf547aa7', 'value': '8a4dde73c6112278017a6a4baf547aa7'}",1/20/1970 5:38,,1661930,3/21/1970 20:38,6899930,"{'link': 'https://<instance_name>.service-now.com/api/now/table/sys_user/681ccaf9c0a8016400b98a06818d57c7', 'value': '681ccaf9c0a8016400b98a06818d57c7'}",inquiry,,,Solved (Work Around),Gave workaround,6/10/2020 23:18,"{'link': 'https://<instance_name>.service-now.com/api/now/table/sys_user/9ee1b13dc6112271007f9d0efdb69cd0', 'value': '9ee1b13dc6112271007f9d0efdb69cd0'}",,,,"{'link': 'https://<instance_name>.service-now.com/api/now/table/core_company/31bea3d53790200044e0bfc8bcbe5dec', 'value': '31bea3d53790200044e0bfc8bcbe5dec'}",phone,,,,,,IBM IT Helpdesk,"Noticing today that any time I send an email with an attachment, it takes at least 20 seconds to send. This happens regardless of the attachment size.",,0,,,,,1,7,FALSE,,FALSE,1,INC0000013,6/9/2020 23:15,"{'link': 'https://<instance_name>.service-now.com/api/now/table/sys_user/9ee1b13dc6112271007f9d0efdb69cd0', 'value': '9ee1b13dc6112271007f9d0efdb69cd0'}",,,,1,,2,,,,8/28/2020 19:54,"{'link': 'https://<instance_name>.service-now.com/api/now/table/sys_user/6816f79cc0a8016401c5a33be04be441', 'value': '6816f79cc0a8016401c5a33be04be441'}",,,,3,EMAIL is slow when an attachment is involved,,7,,incident,don.goodliffe,6/10/2020 23:18,"{'link': 'https://<instance_name>.service-now.com/api/now/table/sys_user_group/global', 'value': 'global'}",/,46cebb88a9fe198101aee93734f9768b,5,,admin,8/28/2020 19:54,INC0000013,,,,,1,,,,,,
7,FALSE,8/21/2020 23:58,,not requested,,,"{'link': 'https://<instance_name>.service-now.com/api/now/table/sys_user/46c6f9efa9fe198101ddf5eed9adf6e7', 'value': '46c6f9efa9fe198101ddf5eed9adf6e7'}",,1/27/1970 15:14,,2301243,4/20/1970 23:36,9502588,"{'link': 'https://<instance_name>.service-now.com/api/now/table/sys_user/f298d2d2c611227b0106c6be7f154bc8', 'value': 'f298d2d2c611227b0106c6be7f154bc8'}",inquiry,,,Solved (Work Around),Done,8/29/2020 19:09,"{'link': 'https://<instance_name>.service-now.com/api/now/table/sys_user/6816f79cc0a8016401c5a33be04be441', 'value': '6816f79cc0a8016401c5a33be04be441'}",,,,"{'link': 'https://<instance_name>.service-now.com/api/now/table/core_company/31bea3d53790200044e0bfc8bcbe5dec', 'value': '31bea3d53790200044e0bfc8bcbe5dec'}",phone,,,,,,IBM IT Helpdesk,Logged in and didn't see my home directory. Logged out and back in again and it's still not appearing. I'm completely blocked until this is resolved.,,0,,,,,1,7,FALSE,"{'link': 'https://<instance_name>.service-now.com/api/now/table/cmn_location/108752c8c611227501d4ab0e392ba97f', 'value': '108752c8c611227501d4ab0e392ba97f'}",FALSE,1,INC0000014,5/3/2020 23:37,"{'link': 'https://<instance_name>.service-now.com/api/now/table/sys_user/6816f79cc0a8016401c5a33be04be441', 'value': '6816f79cc0a8016401c5a33be04be441'}",,,,1,,1,,,,8/21/2020 23:14,"{'link': 'https://<instance_name>.service-now.com/api/now/table/sys_user/6816f79cc0a8016401c5a33be04be441', 'value': '6816f79cc0a8016401c5a33be04be441'}",,,,3,Missing my home directory,,7,,incident,admin,5/30/2020 23:38,"{'link': 'https://<instance_name>.service-now.com/api/now/table/sys_user_group/global', 'value': 'global'}",/,46e18c0fa9fe19810066a0083f76bd56,33,,system,8/29/2020 19:09,INC0000014,,,,,1,,,,,,
8,FALSE,,,not requested,,,"{'link': 'https://<instance_name>.service-now.com/api/now/table/sys_user/46d44a23a9fe19810012d100cca80666', 'value': '46d44a23a9fe19810012d100cca80666'}",,1/21/1970 5:04,,1746251,3/26/1970 20:04,7329851,"{'link': 'https://<instance_name>.service-now.com/api/now/table/sys_user/5137153cc611227c000bbd1bd8cd2005', 'value': '5137153cc611227c000bbd1bd8cd2005'}",inquiry,,,Closed/Resolved by Caller,"Closed before close notes were made mandatory
		",6/9/2020 23:52,"{'link': 'https://<instance_name>.service-now.com/api/now/table/sys_user/5137153cc611227c000bbd1bd8cd2007', 'value': '5137153cc611227c000bbd1bd8cd2007'}",,,,,phone,,,,,,IBM Operation Helpdesk,"We have a new hire starting on Monday. She will need to be set up with a desk, laptop, phone, email account, and systems access.",,0,,,,,3,7,FALSE,"{'link': 'https://<instance_name>.service-now.com/api/now/table/cmn_location/1083361cc611227501b682158cabf646', 'value': '1083361cc611227501b682158cabf646'}",FALSE,1,INC0000021,6/4/2020 23:52,"{'link': 'https://<instance_name>.service-now.com/api/now/table/sys_user/5137153cc611227c000bbd1bd8cd2007', 'value': '5137153cc611227c000bbd1bd8cd2007'}",,,,5,,1,,,,8/28/2020 19:56,"{'link': 'https://<instance_name>.service-now.com/api/now/table/sys_user/6816f79cc0a8016401c5a33be04be441', 'value': '6816f79cc0a8016401c5a33be04be441'}",,,,3,New employee hire,,7,,incident,david.loo,6/10/2020 23:52,"{'link': 'https://<instance_name>.service-now.com/api/now/table/sys_user_group/global', 'value': 'global'}",/,46ee0924a9fe198100f1cf78c198454a,8,,admin,8/28/2020 19:56,INC0000021,,,,,3,,,,,,
9,FALSE,,,not requested,,,"{'link': 'https://<instance_name>.service-now.com/api/now/table/sys_user/681b365ec0a80164000fb0b05854a0cd', 'value': '681b365ec0a80164000fb0b05854a0cd'}","{'link': 'https://<instance_name>.service-now.com/api/now/table/sys_user_group/d625dccec0a8016700a222a0f7900d06', 'value': 'd625dccec0a8016700a222a0f7900d06'}",1/19/1970 21:03,,1631000,3/20/1970 20:03,6811400,"{'link': 'https://<instance_name>.service-now.com/api/now/table/sys_user/5137153cc611227c000bbd1bd8cd2005', 'value': '5137153cc611227c000bbd1bd8cd2005'}",inquiry,,,Closed/Resolved by Caller,"Closed before close notes were made mandatory
		",6/10/2020 23:53,"{'link': 'https://<instance_name>.service-now.com/api/now/table/sys_user/5137153cc611227c000bbd1bd8cd2007', 'value': '5137153cc611227c000bbd1bd8cd2007'}",,,,,phone,,,,,,IBM IT Helpdesk,The landing page for our internal wiki isn't loading. I've refreshed it multiple times and it keeps timing out.,,0,,,,,3,7,FALSE,"{'link': 'https://<instance_name>.service-now.com/api/now/table/cmn_location/108752c8c611227501d4ab0e392ba97f', 'value': '108752c8c611227501d4ab0e392ba97f'}",FALSE,1,INC0000024,6/10/2020 23:52,"{'link': 'https://<instance_name>.service-now.com/api/now/table/sys_user/5137153cc611227c000bbd1bd8cd2007', 'value': '5137153cc611227c000bbd1bd8cd2007'}",,,,5,,2,,,,8/28/2020 19:56,"{'link': 'https://<instance_name>.service-now.com/api/now/table/sys_user/6816f79cc0a8016401c5a33be04be441', 'value': '6816f79cc0a8016401c5a33be04be441'}",,,,3,Issue with a web page on wiki,,7,,incident,david.loo,6/10/2020 23:53,"{'link': 'https://<instance_name>.service-now.com/api/now/table/sys_user_group/global', 'value': 'global'}",/,46ee8c2fa9fe198100623592c70d643e,6,,admin,8/28/2020 20:15,INC0000024,,,,,3,,,,,,
10,FALSE,,,not requested,,,"{'link': 'https://<instance_name>.service-now.com/api/now/table/sys_user/9ee1b13dc6112271007f9d0efdb69cd0', 'value': '9ee1b13dc6112271007f9d0efdb69cd0'}","{'link': 'https://<instance_name>.service-now.com/api/now/table/sys_user_group/8a5055c9c61122780043563ef53438e3', 'value': '8a5055c9c61122780043563ef53438e3'}",1/26/1970 21:01,,2235673,4/18/1970 20:01,9316873,"{'link': 'https://<instance_name>.service-now.com/api/now/table/sys_user/5137153cc611227c000bbd1bd8cd2006', 'value': '5137153cc611227c000bbd1bd8cd2006'}",hardware,,,Closed/Resolved by Caller,"Closed before close notes were made mandatory
		",5/14/2020 23:56,"{'link': 'https://<instance_name>.service-now.com/api/now/table/sys_user/9ee1b13dc6112271007f9d0efdb69cd0', 'value': '9ee1b13dc6112271007f9d0efdb69cd0'}",,,,"{'link': 'https://<instance_name>.service-now.com/api/now/table/core_company/31bea3d53790200044e0bfc8bcbe5dec', 'value': '31bea3d53790200044e0bfc8bcbe5dec'}",phone,,,,,,IBM INFRA Helpdesk,Hard drive has been making a loud grinding noise for the last two days.,,0,,,,,3,7,FALSE,,FALSE,1,INC0000026,5/12/2020 23:54,"{'link': 'https://<instance_name>.service-now.com/api/now/table/sys_user/5137153cc611227c000bbd1bd8cd2006', 'value': '5137153cc611227c000bbd1bd8cd2006'}",,,,5,,2,,,,8/28/2020 19:56,"{'link': 'https://<instance_name>.service-now.com/api/now/table/sys_user/6816f79cc0a8016401c5a33be04be441', 'value': '6816f79cc0a8016401c5a33be04be441'}",,,,3,Seem to have an issue with my hard drive...,,7,,incident,don.goodliffe,6/10/2020 23:56,"{'link': 'https://<instance_name>.service-now.com/api/now/table/sys_user_group/global', 'value': 'global'}",/,46f1784ba9fe19810018aa27fbb23482,6,,admin,8/28/2020 20:15,INC0000026,,,,,3,,,,,,
11,FALSE,,,not requested,,,"{'link': 'https://<instance_name>.service-now.com/api/now/table/sys_user/9ee1b13dc6112271007f9d0efdb69cd0', 'value': '9ee1b13dc6112271007f9d0efdb69cd0'}","{'link': 'https://<instance_name>.service-now.com/api/now/table/sys_user_group/d625dccec0a8016700a222a0f7900d06', 'value': 'd625dccec0a8016700a222a0f7900d06'}",1/24/1970 12:58,,2033892,4/9/1970 19:58,8539092,"{'link': 'https://<instance_name>.service-now.com/api/now/table/sys_user/5137153cc611227c000bbd1bd8cd2006', 'value': '5137153cc611227c000bbd1bd8cd2006'}",inquiry,,,Closed/Resolved by Caller,"Closed before close notes were made mandatory
		",5/26/2020 23:58,"{'link': 'https://<instance_name>.service-now.com/api/now/table/sys_user/9ee1b13dc6112271007f9d0efdb69cd0', 'value': '9ee1b13dc6112271007f9d0efdb69cd0'}",,,,"{'link': 'https://<instance_name>.service-now.com/api/now/table/core_company/31bea3d53790200044e0bfc8bcbe5dec', 'value': '31bea3d53790200044e0bfc8bcbe5dec'}",phone,,,,,,IBM INFRA Helpdesk,Hard drive is still making grinding and clicking noises and now I can't delete a file. I've tried to delete it 3 times.,,0,,,,,3,7,FALSE,,FALSE,1,INC0000028,5/21/2020 23:58,"{'link': 'https://<instance_name>.service-now.com/api/now/table/sys_user/5137153cc611227c000bbd1bd8cd2006', 'value': '5137153cc611227c000bbd1bd8cd2006'}",,,,5,,2,,,,8/28/2020 19:56,"{'link': 'https://<instance_name>.service-now.com/api/now/table/sys_user/6816f79cc0a8016401c5a33be04be441', 'value': '6816f79cc0a8016401c5a33be04be441'}",,,,3,My disk is still having issues. Can't delete a file,,7,,incident,don.goodliffe,6/10/2020 23:58,"{'link': 'https://<instance_name>.service-now.com/api/now/table/sys_user_group/global', 'value': 'global'}",/,46f3ee0ea9fe198100c5c0e53d5abe0b,6,,admin,8/28/2020 20:15,INC0000028,,,,,3,,,,,,
12,FALSE,,,not requested,,,"{'link': 'https://<instance_name>.service-now.com/api/now/table/sys_user/5137153cc611227c000bbd1bd8cd2007', 'value': '5137153cc611227c000bbd1bd8cd2007'}","{'link': 'https://<instance_name>.service-now.com/api/now/table/sys_user_group/287ebd7da9fe198100f92cc8d1d2154e', 'value': '287ebd7da9fe198100f92cc8d1d2154e'}",1/20/1970 20:55,,1716900,3/25/1970 19:55,7242900,"{'link': 'https://<instance_name>.service-now.com/api/now/table/sys_user/5137153cc611227c000bbd1bd8cd2006', 'value': '5137153cc611227c000bbd1bd8cd2006'}",hardware,,,Closed/Resolved by Caller,"Closed before close notes were made mandatory
		",6/6/2020 1:02,"{'link': 'https://<instance_name>.service-now.com/api/now/table/sys_user/9ee1b13dc6112271007f9d0efdb69cd0', 'value': '9ee1b13dc6112271007f9d0efdb69cd0'}",,,,"{'link': 'https://<instance_name>.service-now.com/api/now/table/core_company/31bea3d53790200044e0bfc8bcbe5dec', 'value': '31bea3d53790200044e0bfc8bcbe5dec'}",phone,,,,,,IBM IT Helpdesk,"Can't connect to wifi. Keep getting ""unable to join network"" message.",,0,,,,,3,7,FALSE,,FALSE,1,INC0000030,6/6/2020 0:01,"{'link': 'https://<instance_name>.service-now.com/api/now/table/sys_user/5137153cc611227c000bbd1bd8cd2006', 'value': '5137153cc611227c000bbd1bd8cd2006'}",,,,5,,1,,,,8/28/2020 19:56,"{'link': 'https://<instance_name>.service-now.com/api/now/table/sys_user/6816f79cc0a8016401c5a33be04be441', 'value': '6816f79cc0a8016401c5a33be04be441'}",,,,3,Lost connection to the wireless network,,7,,incident,don.goodliffe,6/11/2020 0:02,"{'link': 'https://<instance_name>.service-now.com/api/now/table/sys_user_group/global', 'value': 'global'}",/,46f6ede0a9fe198100e10154c34a0c2a,6,,admin,8/28/2020 20:15,INC0000030,,,,,3,,,,,,
13,FALSE,,,not requested,,,"{'link': 'https://<instance_name>.service-now.com/api/now/table/sys_user/5137153cc611227c000bbd1bd8cd2007', 'value': '5137153cc611227c000bbd1bd8cd2007'}","{'link': 'https://<instance_name>.service-now.com/api/now/table/sys_user_group/8a5055c9c61122780043563ef53438e3', 'value': '8a5055c9c61122780043563ef53438e3'}",1/24/1970 20:36,,2061396,4/10/1970 19:36,8624196,"{'link': 'https://<instance_name>.service-now.com/api/now/table/sys_user/681ccaf9c0a8016400b98a06818d57c7', 'value': '681ccaf9c0a8016400b98a06818d57c7'}",inquiry,,,Closed/Resolved by Caller,"Closed before close notes were made mandatory
		",5/21/2020 0:35,"{'link': 'https://<instance_name>.service-now.com/api/now/table/sys_user/9ee1b13dc6112271007f9d0efdb69cd0', 'value': '9ee1b13dc6112271007f9d0efdb69cd0'}",,,,"{'link': 'https://<instance_name>.service-now.com/api/now/table/core_company/31bea3d53790200044e0bfc8bcbe5dec', 'value': '31bea3d53790200044e0bfc8bcbe5dec'}",phone,,,,,,IBM IT Helpdesk,Multiple employees have reported that they are unable to send/receive email.,,0,,,,,3,7,FALSE,,FALSE,1,INC0000032,5/21/2020 0:19,"{'link': 'https://<instance_name>.service-now.com/api/now/table/sys_user/9ee1b13dc6112271007f9d0efdb69cd0', 'value': '9ee1b13dc6112271007f9d0efdb69cd0'}",,,,5,,1,,,,8/28/2020 19:56,"{'link': 'https://<instance_name>.service-now.com/api/now/table/sys_user/6816f79cc0a8016401c5a33be04be441', 'value': '6816f79cc0a8016401c5a33be04be441'}",,,,3,EMAIL Server Down Again,,7,,incident,don.goodliffe,6/11/2020 0:20,"{'link': 'https://<instance_name>.service-now.com/api/now/table/sys_user_group/global', 'value': 'global'}",/,47079b68a9fe198100a614a4c225c88d,6,,admin,8/28/2020 20:15,INC0000032,,,,,3,,,,,,
14,FALSE,,,not requested,,,"{'link': 'https://<instance_name>.service-now.com/api/now/table/sys_user/9ee1b13dc6112271007f9d0efdb69cd0', 'value': '9ee1b13dc6112271007f9d0efdb69cd0'}","{'link': 'https://<instance_name>.service-now.com/api/now/table/sys_user_group/8a5055c9c61122780043563ef53438e3', 'value': '8a5055c9c61122780043563ef53438e3'}",1/26/1970 6:33,,2183601,4/16/1970 21:33,9149601,"{'link': 'https://<instance_name>.service-now.com/api/now/table/sys_user/5137153cc611227c000bbd1bd8cd2007', 'value': '5137153cc611227c000bbd1bd8cd2007'}",inquiry,,,Closed/Resolved by Caller,"Closed before close notes were made mandatory
		",5/15/2020 0:24,"{'link': 'https://<instance_name>.service-now.com/api/now/table/sys_user/9ee1b13dc6112271007f9d0efdb69cd0', 'value': '9ee1b13dc6112271007f9d0efdb69cd0'}",,,,"{'link': 'https://<instance_name>.service-now.com/api/now/table/core_company/31bea3d53790200044e0bfc8bcbe5dec', 'value': '31bea3d53790200044e0bfc8bcbe5dec'}",phone,,,,,,IBM INFRA Helpdesk,2tb file server has less than 400gb free.,,0,,,,,1,7,FALSE,"{'link': 'https://<instance_name>.service-now.com/api/now/table/cmn_location/105cf7f3c611227501e75e08b14a38ba', 'value': '105cf7f3c611227501e75e08b14a38ba'}",FALSE,1,INC0000033,5/14/2020 22:22,"{'link': 'https://<instance_name>.service-now.com/api/now/table/sys_user/5137153cc611227c000bbd1bd8cd2007', 'value': '5137153cc611227c000bbd1bd8cd2007'}",,,,1,,1,,,,8/28/2020 19:56,"{'link': 'https://<instance_name>.service-now.com/api/now/table/sys_user/6816f79cc0a8016401c5a33be04be441', 'value': '6816f79cc0a8016401c5a33be04be441'}",,,,3,File Server is 80% full - Needs upgrade,,7,,incident,don.goodliffe,6/11/2020 0:23,"{'link': 'https://<instance_name>.service-now.com/api/now/table/sys_user_group/global', 'value': 'global'}",/,470af5afa9fe198101b324dd773ef379,6,,admin,8/28/2020 20:15,INC0000033,,,,,1,,,,,,
15,FALSE,,,not requested,,,"{'link': 'https://<instance_name>.service-now.com/api/now/table/sys_user/5137153cc611227c000bbd1bd8cd2007', 'value': '5137153cc611227c000bbd1bd8cd2007'}","{'link': 'https://<instance_name>.service-now.com/api/now/table/sys_user_group/8a4dde73c6112278017a6a4baf547aa7', 'value': '8a4dde73c6112278017a6a4baf547aa7'}",1/24/1970 20:46,,2061992,4/10/1970 19:46,8624792,"{'link': 'https://<instance_name>.service-now.com/api/now/table/sys_user/5137153cc611227c000bbd1bd8cd2006', 'value': '5137153cc611227c000bbd1bd8cd2006'}",software,,,Solved Remotely (Permanently),asdasdasdsad,5/13/2020 0:26,"{'link': 'https://<instance_name>.service-now.com/api/now/table/sys_user/9ee1b13dc6112271007f9d0efdb69cd0', 'value': '9ee1b13dc6112271007f9d0efdb69cd0'}",,,,"{'link': 'https://<instance_name>.service-now.com/api/now/table/core_company/31bea3d53790200044e0bfc8bcbe5dec', 'value': '31bea3d53790200044e0bfc8bcbe5dec'}",phone,,,,,,PRODUCT Development,Last automated backup occurred two nights ago. Did we change automated backup schedule?,,0,,,,,1,7,FALSE,,FALSE,1,INC0000034,5/11/2020 20:25,"{'link': 'https://<instance_name>.service-now.com/api/now/table/sys_user/9ee1b13dc6112271007f9d0efdb69cd0', 'value': '9ee1b13dc6112271007f9d0efdb69cd0'}",,,,1,,1,,,,8/19/2020 16:12,"{'link': 'https://<instance_name>.service-now.com/api/now/table/sys_user/6816f79cc0a8016401c5a33be04be441', 'value': '6816f79cc0a8016401c5a33be04be441'}",,,,3,Does not look like a backup occurred last night,,7,,incident,don.goodliffe,5/31/2020 0:26,"{'link': 'https://<instance_name>.service-now.com/api/now/table/sys_user_group/global', 'value': 'global'}",/,470d51a0a9fe1981006c20c825e48933,7,,admin,8/28/2020 19:53,INC0000034,,,,,1,,,,,,
16,FALSE,,,not requested,,,"{'link': 'https://<instance_name>.service-now.com/api/now/table/sys_user/46d96f57a9fe198101947a9620895886', 'value': '46d96f57a9fe198101947a9620895886'}","{'link': 'https://<instance_name>.service-now.com/api/now/table/sys_user_group/d625dccec0a8016700a222a0f7900d06', 'value': 'd625dccec0a8016700a222a0f7900d06'}",1/20/1970 19:56,,1713373,3/23/1970 19:23,7068206,"{'link': 'https://<instance_name>.service-now.com/api/now/table/sys_user/46c5bf6ca9fe1981010713e3ac7d3384', 'value': '46c5bf6ca9fe1981010713e3ac7d3384'}",inquiry,,,Closed/Resolved by Caller,"Closed before close notes were made mandatory
		",6/11/2020 0:33,"{'link': 'https://<instance_name>.service-now.com/api/now/table/sys_user/5137153cc611227c000bbd1bd8cd2007', 'value': '5137153cc611227c000bbd1bd8cd2007'}","{'link': 'https://<instance_name>.service-now.com/api/now/table/cmdb_ci/0c43b143c6112275019abd2b3390d1f9', 'value': '0c43b143c6112275019abd2b3390d1f9'}",,,"{'link': 'https://<instance_name>.service-now.com/api/now/table/core_company/31bea3d53790200044e0bfc8bcbe5dec', 'value': '31bea3d53790200044e0bfc8bcbe5dec'}",phone,,,,,,IBM IT Helpdesk,Forgot password and unable to log in. Can you reset or resend my password?,,0,,,,,3,7,FALSE,"{'link': 'https://<instance_name>.service-now.com/api/now/table/cmn_location/108486c7c611227500b093211aa88dcc', 'value': '108486c7c611227500b093211aa88dcc'}",FALSE,1,INC0000035,6/8/2020 0:32,"{'link': 'https://<instance_name>.service-now.com/api/now/table/sys_user/5137153cc611227c000bbd1bd8cd2007', 'value': '5137153cc611227c000bbd1bd8cd2007'}",,,,5,,2,,,,8/28/2020 19:56,"{'link': 'https://<instance_name>.service-now.com/api/now/table/sys_user/6816f79cc0a8016401c5a33be04be441', 'value': '6816f79cc0a8016401c5a33be04be441'}",,,,3,Reset my password,,7,,incident,david.loo,6/11/2020 0:33,"{'link': 'https://<instance_name>.service-now.com/api/now/table/sys_user_group/global', 'value': 'global'}",/,47138238a9fe1981016e3762d1fd26d4,8,,admin,8/28/2020 20:16,INC0000035,,,,,3,,,,,,
17,FALSE,,,not requested,,,"{'link': 'https://<instance_name>.service-now.com/api/now/table/sys_user/46d96f57a9fe198101947a9620895886', 'value': '46d96f57a9fe198101947a9620895886'}","{'link': 'https://<instance_name>.service-now.com/api/now/table/sys_user_group/287ebd7da9fe198100f92cc8d1d2154e', 'value': '287ebd7da9fe198100f92cc8d1d2154e'}",1/21/1970 4:22,,1743744,3/26/1970 19:22,7327344,"{'link': 'https://<instance_name>.service-now.com/api/now/table/sys_user/46c1293aa9fe1981000dc753e75ebeee', 'value': '46c1293aa9fe1981000dc753e75ebeee'}",inquiry,,,Closed/Resolved by Caller,"Closed before close notes were made mandatory
		",6/9/2020 0:34,"{'link': 'https://<instance_name>.service-now.com/api/now/table/sys_user/5137153cc611227c000bbd1bd8cd2007', 'value': '5137153cc611227c000bbd1bd8cd2007'}","{'link': 'https://<instance_name>.service-now.com/api/now/table/cmdb_ci/14a9e27bc61122750037b90c4d34da38', 'value': '14a9e27bc61122750037b90c4d34da38'}",,,"{'link': 'https://<instance_name>.service-now.com/api/now/table/core_company/31bea3d53790200044e0bfc8bcbe5dec', 'value': '31bea3d53790200044e0bfc8bcbe5dec'}",phone,,,,,,IBM IT Helpdesk,Experiencing connection issues. Unable to create connection to data source.,,0,,,,,3,7,FALSE,"{'link': 'https://<instance_name>.service-now.com/api/now/table/cmn_location/108752c8c611227501d4ab0e392ba97f', 'value': '108752c8c611227501d4ab0e392ba97f'}",FALSE,1,INC0000036,6/5/2020 0:33,"{'link': 'https://<instance_name>.service-now.com/api/now/table/sys_user/5137153cc611227c000bbd1bd8cd2007', 'value': '5137153cc611227c000bbd1bd8cd2007'}",,,,5,,1,,,,8/28/2020 19:56,"{'link': 'https://<instance_name>.service-now.com/api/now/table/sys_user/6816f79cc0a8016401c5a33be04be441', 'value': '6816f79cc0a8016401c5a33be04be441'}",,,,3,Issue with networking,,7,,incident,david.loo,6/11/2020 0:34,"{'link': 'https://<instance_name>.service-now.com/api/now/table/sys_user_group/global', 'value': 'global'}",/,4714a2aca9fe198100ecabacf6273482,6,,admin,8/28/2020 19:57,INC0000036,,,,,3,,,,,,
18,FALSE,,,not requested,,,"{'link': 'https://<instance_name>.service-now.com/api/now/table/sys_user/46d96f57a9fe198101947a9620895886', 'value': '46d96f57a9fe198101947a9620895886'}","{'link': 'https://<instance_name>.service-now.com/api/now/table/sys_user_group/d625dccec0a8016700a222a0f7900d06', 'value': 'd625dccec0a8016700a222a0f7900d06'}",1/21/1970 4:19,,1743569,3/26/1970 19:19,7327169,"{'link': 'https://<instance_name>.service-now.com/api/now/table/sys_user/f298d2d2c611227b0106c6be7f154bc8', 'value': 'f298d2d2c611227b0106c6be7f154bc8'}",software,,,Closed/Resolved by Caller,"Closed before close notes were made mandatory
		",6/12/2020 0:37,"{'link': 'https://<instance_name>.service-now.com/api/now/table/sys_user/6816f79cc0a8016401c5a33be04be441', 'value': '6816f79cc0a8016401c5a33be04be441'}","{'link': 'https://<instance_name>.service-now.com/api/now/table/cmdb_ci/46c4ca00a9fe1981015194a1a56bfc3f', 'value': '46c4ca00a9fe1981015194a1a56bfc3f'}",,,"{'link': 'https://<instance_name>.service-now.com/api/now/table/core_company/31bea3d53790200044e0bfc8bcbe5dec', 'value': '31bea3d53790200044e0bfc8bcbe5dec'}",phone,,,,,,IBM IT Helpdesk,Unable to edit any PDFs in Acrobat. All my PDFs are read only now. How do I unlock them?,,3,,,,,2,7,FALSE,"{'link': 'https://<instance_name>.service-now.com/api/now/table/cmn_location/105cf7f3c611227501e75e08b14a38ba', 'value': '105cf7f3c611227501e75e08b14a38ba'}",FALSE,1,INC0000038,6/5/2020 0:36,"{'link': 'https://<instance_name>.service-now.com/api/now/table/sys_user/5137153cc611227c000bbd1bd8cd2005', 'value': '5137153cc611227c000bbd1bd8cd2005'}",,,,4,,1,,,,8/28/2020 19:56,"{'link': 'https://<instance_name>.service-now.com/api/now/table/sys_user/6816f79cc0a8016401c5a33be04be441', 'value': '6816f79cc0a8016401c5a33be04be441'}",,,,3,my PDF docs are all locked from editing,,7,,incident,admin,6/11/2020 0:38,"{'link': 'https://<instance_name>.service-now.com/api/now/table/sys_user_group/global', 'value': 'global'}",/,4717dfe5a9fe198100450448b2404c16,5,,admin,8/28/2020 19:57,INC0000038,,,,,3,,,,,,
19,FALSE,,,,,,"{'link': 'https://<instance_name>.service-now.com/api/now/table/sys_user/46ca0887a9fe19810191e08e51927ebf', 'value': '46ca0887a9fe19810191e08e51927ebf'}","{'link': 'https://<instance_name>.service-now.com/api/now/table/sys_user_group/8a4dde73c6112278017a6a4baf547aa7', 'value': '8a4dde73c6112278017a6a4baf547aa7'}",1/22/1970 21:48,,1892887,4/2/1970 20:48,7937287,"{'link': 'https://<instance_name>.service-now.com/api/now/table/sys_user/681ccaf9c0a8016400b98a06818d57c7', 'value': '681ccaf9c0a8016400b98a06818d57c7'}",software,,,Closed/Resolved by Caller,"Closed before close notes were made mandatory
		",6/11/2020 0:36,"{'link': 'https://<instance_name>.service-now.com/api/now/table/sys_user/9ee1b13dc6112271007f9d0efdb69cd0', 'value': '9ee1b13dc6112271007f9d0efdb69cd0'}",,,,"{'link': 'https://<instance_name>.service-now.com/api/now/table/core_company/31bea3d53790200044e0bfc8bcbe5dec', 'value': '31bea3d53790200044e0bfc8bcbe5dec'}",,,,,,,IBM IT Helpdesk,"When I try to print VISIO, my whole computer just freezes and stops working.",,0,,,,,1,7,FALSE,"{'link': 'https://<instance_name>.service-now.com/api/now/table/cmn_location/1081761cc611227501d063fd3475a2de', 'value': '1081761cc611227501d063fd3475a2de'}",FALSE,1,INC0000006,5/28/2020 23:08,"{'link': 'https://<instance_name>.service-now.com/api/now/table/sys_user/5136503cc611227c0183e96598c4f706', 'value': '5136503cc611227c0183e96598c4f706'}",,,,1,"{'link': 'https://<instance_name>.service-now.com/api/now/table/problem/46fb0230a9fe198101a23f6712475e11', 'value': '46fb0230a9fe198101a23f6712475e11'}",2,,,,8/28/2020 19:56,"{'link': 'https://<instance_name>.service-now.com/api/now/table/sys_user/6816f79cc0a8016401c5a33be04be441', 'value': '6816f79cc0a8016401c5a33be04be441'}",,,,1,Hangs when trying to print VISIO document,,7,,incident,employee,12/25/2018 20:42,"{'link': 'https://<instance_name>.service-now.com/api/now/table/sys_user_group/global', 'value': 'global'}",/,8d6246c7c0a80164012fb063cecd4ace,14,,admin,8/28/2020 20:15,INC0000006,,,,,1,,,,,,
20,FALSE,,,,,,"{'link': 'https://<instance_name>.service-now.com/api/now/table/sys_user/681b365ec0a80164000fb0b05854a0cd', 'value': '681b365ec0a80164000fb0b05854a0cd'}","{'link': 'https://<instance_name>.service-now.com/api/now/table/sys_user_group/8a5055c9c61122780043563ef53438e3', 'value': '8a5055c9c61122780043563ef53438e3'}",1/20/1970 21:47,,1720053,3/25/1970 20:47,7246053,"{'link': 'https://<instance_name>.service-now.com/api/now/table/sys_user/681ccaf9c0a8016400b98a06818d57c7', 'value': '681ccaf9c0a8016400b98a06818d57c7'}",inquiry,,,Closed/Resolved by Caller,"Closed before close notes were made mandatory
		",6/10/2020 23:08,"{'link': 'https://<instance_name>.service-now.com/api/now/table/sys_user/9ee1b13dc6112271007f9d0efdb69cd0', 'value': '9ee1b13dc6112271007f9d0efdb69cd0'}",,,,"{'link': 'https://<instance_name>.service-now.com/api/now/table/core_company/31bea3d53790200044e0bfc8bcbe5dec', 'value': '31bea3d53790200044e0bfc8bcbe5dec'}",,,,,,,IBM INFRA Helpdesk,Where do I find toner for the HP 950C I have?,,0,,,,,1,7,FALSE,"{'link': 'https://<instance_name>.service-now.com/api/now/table/cmn_location/1059cb53c6112275003052ce61c907e8', 'value': '1059cb53c6112275003052ce61c907e8'}",FALSE,1,INC0000008,6/5/2020 23:08,"{'link': 'https://<instance_name>.service-now.com/api/now/table/sys_user/681ccaf9c0a8016400b98a06818d57c7', 'value': '681ccaf9c0a8016400b98a06818d57c7'}",,,,1,,1,,,,8/28/2020 19:56,"{'link': 'https://<instance_name>.service-now.com/api/now/table/sys_user/6816f79cc0a8016401c5a33be04be441', 'value': '6816f79cc0a8016401c5a33be04be441'}",,,,1,Printer in my office is out of toner,,7,,incident,employee,12/25/2018 20:43,"{'link': 'https://<instance_name>.service-now.com/api/now/table/sys_user_group/global', 'value': 'global'}",/,8d641046c0a80164000bc7c0d3ed46a0,19,,admin,8/28/2020 20:16,INC0000008,,,,,1,,,,,,
21,FALSE,,,,,,"{'link': 'https://<instance_name>.service-now.com/api/now/table/sys_user/46b87022a9fe198101a78787e40d7547', 'value': '46b87022a9fe198101a78787e40d7547'}","{'link': 'https://<instance_name>.service-now.com/api/now/table/sys_user_group/d625dccec0a8016700a222a0f7900d06', 'value': 'd625dccec0a8016700a222a0f7900d06'}",1/22/1970 21:46,,1892781,4/2/1970 20:46,7937181,"{'link': 'https://<instance_name>.service-now.com/api/now/table/sys_user/5137153cc611227c000bbd1bd8cd2005', 'value': '5137153cc611227c000bbd1bd8cd2005'}",network,,,Closed/Resolved by Caller,"Closed before close notes were made mandatory
		",5/29/2020 23:10,"{'link': 'https://<instance_name>.service-now.com/api/now/table/sys_user/9ee1b13dc6112271007f9d0efdb69cd0', 'value': '9ee1b13dc6112271007f9d0efdb69cd0'}","{'link': 'https://<instance_name>.service-now.com/api/now/table/cmdb_ci/b0c4030ac0a800090152e7a4564ca36c', 'value': 'b0c4030ac0a800090152e7a4564ca36c'}",,,,,,,,,,IBM IT Helpdesk,"User can't access email on mail.company.com.
		",,0,,,,,1,7,FALSE,"{'link': 'https://<instance_name>.service-now.com/api/now/table/cmn_location/1083361cc611227501b682158cabf646', 'value': '1083361cc611227501b682158cabf646'}",FALSE,1,INC0000001,5/28/2020 23:09,"{'link': 'https://<instance_name>.service-now.com/api/now/table/sys_user/681ccaf9c0a8016400b98a06818d57c7', 'value': '681ccaf9c0a8016400b98a06818d57c7'}",,,,1,"{'link': 'https://<instance_name>.service-now.com/api/now/table/problem/9d3a266ac6112287004e37fb2ceb0133', 'value': '9d3a266ac6112287004e37fb2ceb0133'}",1,,,,8/28/2020 19:56,"{'link': 'https://<instance_name>.service-now.com/api/now/table/sys_user/6816f79cc0a8016401c5a33be04be441', 'value': '6816f79cc0a8016401c5a33be04be441'}",,,,1,Can't read email,,7,,incident,pat,12/28/2018 18:24,"{'link': 'https://<instance_name>.service-now.com/api/now/table/sys_user_group/global', 'value': 'global'}",/,9c573169c611228700193229fff72400,21,,admin,8/28/2020 20:16,INC0000001,,,,,1,,,,,,
22,FALSE,,,,,,"{'link': 'https://<instance_name>.service-now.com/api/now/table/sys_user/46c6f9efa9fe198101ddf5eed9adf6e7', 'value': '46c6f9efa9fe198101ddf5eed9adf6e7'}","{'link': 'https://<instance_name>.service-now.com/api/now/table/sys_user_group/d625dccec0a8016700a222a0f7900d06', 'value': 'd625dccec0a8016700a222a0f7900d06'}",1/21/1970 6:27,,1751222,3/26/1970 21:27,7334822,"{'link': 'https://<instance_name>.service-now.com/api/now/table/sys_user/5137153cc611227c000bbd1bd8cd2005', 'value': '5137153cc611227c000bbd1bd8cd2005'}",inquiry,,,Solved (Work Around),"Walked him through settng his password, again.
		",6/6/2020 0:40,"{'link': 'https://<instance_name>.service-now.com/api/now/table/sys_user/9ee1b13dc6112271007f9d0efdb69cd0', 'value': '9ee1b13dc6112271007f9d0efdb69cd0'}",,,,,,,,,,,IBM IT Helpdesk,User forgot their email password.,,1,,,,,1,7,FALSE,,FALSE,1,INC0000004,6/4/2020 22:49,"{'link': 'https://<instance_name>.service-now.com/api/now/table/sys_user/681b365ec0a80164000fb0b05854a0cd', 'value': '681b365ec0a80164000fb0b05854a0cd'}",,,,1,,1,,,,8/28/2020 20:16,"{'link': 'https://<instance_name>.service-now.com/api/now/table/sys_user/6816f79cc0a8016401c5a33be04be441', 'value': '6816f79cc0a8016401c5a33be04be441'}",,,,1,Forgot email password,,7,,incident,pat,12/28/2018 22:34,"{'link': 'https://<instance_name>.service-now.com/api/now/table/sys_user_group/global', 'value': 'global'}",/,9d3c1197c611228701cd1d94bc32d76d,9,,admin,8/28/2020 20:16,INC0000004,,,,,1,,,,,,
23,FALSE,,,not requested,,,,,1/1/1970 0:00,,0,1/1/1970 0:31,1905,"{'link': 'https://<instance_name>.service-now.com/api/now/table/sys_user/77ad8176731313005754660c4cf6a7de', 'value': '77ad8176731313005754660c4cf6a7de'}",inquiry,,0,Solved (Work Around),Reinstalled the app,8/30/2018 9:49,"{'link': 'https://<instance_name>.service-now.com/api/now/table/sys_user/6816f79cc0a8016401c5a33be04be441', 'value': '6816f79cc0a8016401c5a33be04be441'}",,,,,,,,,,,IBM IT Helpdesk,Having an issue with users trying to access the company portal app,,0,,,,,2,7,FALSE,,TRUE,1,INC0009003,8/30/2018 9:17,"{'link': 'https://<instance_name>.service-now.com/api/now/table/sys_user/6816f79cc0a8016401c5a33be04be441', 'value': '6816f79cc0a8016401c5a33be04be441'}",,,,3,,0,0,,,8/30/2018 9:49,"{'link': 'https://<instance_name>.service-now.com/api/now/table/sys_user/6816f79cc0a8016401c5a33be04be441', 'value': '6816f79cc0a8016401c5a33be04be441'}",,,,3,Cannot sign into the company portal app,,7,,incident,admin,8/30/2018 9:18,"{'link': 'https://<instance_name>.service-now.com/api/now/table/sys_user_group/global', 'value': 'global'}",/,9fffc328731823002728660c4cf6a742,4,,admin,12/13/2018 7:39,INC0009003,,,proceed,cancel,2,,,,,,
24,FALSE,,,not requested,,,,,1/1/1970 0:00,,0,1/1/1970 0:05,323,"{'link': 'https://<instance_name>.service-now.com/api/now/table/sys_user/77ad8176731313005754660c4cf6a7de', 'value': '77ad8176731313005754660c4cf6a7de'}",software,,0,Solved (Work Around),Reverted to a previous version.,12/10/2018 3:29,"{'link': 'https://<instance_name>.service-now.com/api/now/table/sys_user/6816f79cc0a8016401c5a33be04be441', 'value': '6816f79cc0a8016401c5a33be04be441'}",,,,,,,,,,,PRODUCT Development,"While launching the defect tracking base URL, it is redirecting to an error page.",,0,,,,,3,7,FALSE,,TRUE,1,INC0009004,9/1/2018 13:13,"{'link': 'https://<instance_name>.service-now.com/api/now/table/sys_user/6816f79cc0a8016401c5a33be04be441', 'value': '6816f79cc0a8016401c5a33be04be441'}",,,,3,,0,0,,,9/1/2018 13:18,"{'link': 'https://<instance_name>.service-now.com/api/now/table/sys_user/6816f79cc0a8016401c5a33be04be441', 'value': '6816f79cc0a8016401c5a33be04be441'}",,,,3,Defect tracking tool is down.,,7,,incident,admin,9/1/2018 13:14,"{'link': 'https://<instance_name>.service-now.com/api/now/table/sys_user_group/global', 'value': 'global'}",/,e329de99731423002728660c4cf6a73c,9,,system,8/29/2020 19:09,INC0009004,,,proceed,cancel,1,,,,,,
25,FALSE,8/21/2020 23:17,,,,,"{'link': 'https://<instance_name>.service-now.com/api/now/table/sys_user/46c6f9efa9fe198101ddf5eed9adf6e7', 'value': '46c6f9efa9fe198101ddf5eed9adf6e7'}","{'link': 'https://<instance_name>.service-now.com/api/now/table/sys_user_group/8a5055c9c61122780043563ef53438e3', 'value': '8a5055c9c61122780043563ef53438e3'}",1/22/1970 15:14,,1869258,3/31/1970 0:07,7690046,"{'link': 'https://<instance_name>.service-now.com/api/now/table/sys_user/a2826bf03710200044e0bfc8bcbe5ded', 'value': 'a2826bf03710200044e0bfc8bcbe5ded'}",hardware,,,Closed/Resolved by Caller,Fixed,8/29/2020 19:09,"{'link': 'https://<instance_name>.service-now.com/api/now/table/sys_user/6816f79cc0a8016401c5a33be04be441', 'value': '6816f79cc0a8016401c5a33be04be441'}","{'link': 'https://<instance_name>.service-now.com/api/now/table/cmdb_ci/b0cb50c3c0a8000900893e69d3c5885e', 'value': 'b0cb50c3c0a8000900893e69d3c5885e'}",,,"{'link': 'https://<instance_name>.service-now.com/api/now/table/core_company/81fca4cbac1d55eb355b4b6db0e3c80f', 'value': '81fca4cbac1d55eb355b4b6db0e3c80f'}",email,,,,,,PRODUCT Development,Watcher daemon detected that the CPU was 100% busy for more than 10 minutes,,3,,,,,1,7,FALSE,"{'link': 'https://<instance_name>.service-now.com/api/now/table/cmn_location/30fffb993790200044e0bfc8bcbe5dcc', 'value': '30fffb993790200044e0bfc8bcbe5dcc'}",FALSE,1,INC0000005,5/24/2020 23:06,"{'link': 'https://<instance_name>.service-now.com/api/now/table/sys_user/6816f79cc0a8016401c5a33be04be441', 'value': '6816f79cc0a8016401c5a33be04be441'}",,,,1,,1,,,,8/21/2020 23:14,"{'link': 'https://<instance_name>.service-now.com/api/now/table/sys_user/6816f79cc0a8016401c5a33be04be441', 'value': '6816f79cc0a8016401c5a33be04be441'}",,,,1,CPU load high for over 10 minutes,,7,,incident,admin,1/1/2019 15:14,"{'link': 'https://<instance_name>.service-now.com/api/now/table/sys_user_group/global', 'value': 'global'}",/,e8e875b0c0a80164009dc852b4d677d5,15,,system,8/29/2020 19:09,INC0000005,,,,,1,,,,,,
26,TRUE,8/28/2020 21:50,,not requested,,,"{'link': 'https://<instance_name>.service-now.com/api/now/table/sys_user/9ee1b13dc6112271007f9d0efdb69cd0', 'value': '9ee1b13dc6112271007f9d0efdb69cd0'}","{'link': 'https://<instance_name>.service-now.com/api/now/table/sys_user_group/8a4dde73c6112278017a6a4baf547aa7', 'value': '8a4dde73c6112278017a6a4baf547aa7'}",1/6/1970 0:00,,432000,1/6/1970 0:00,432024,"{'link': 'https://<instance_name>.service-now.com/api/now/table/sys_user/5137153cc611227c000bbd1bd8cd2005', 'value': '5137153cc611227c000bbd1bd8cd2005'}",software,,,,,5/19/2020 23:39,,"{'link': 'https://<instance_name>.service-now.com/api/now/table/cmdb_ci/46c7318aa9fe198100c76003f0bc82e9', 'value': '46c7318aa9fe198100c76003f0bc82e9'}",,,"{'link': 'https://<instance_name>.service-now.com/api/now/table/core_company/31bea3d53790200044e0bfc8bcbe5dec', 'value': '31bea3d53790200044e0bfc8bcbe5dec'}",phone,,,,,,IBM IT Helpdesk,There was a software update two days ago and now my VPN doesn't work. Nothing loads when I click on the VPN client icon on my desktop.,,0,,,,,1,2,FALSE,"{'link': 'https://<instance_name>.service-now.com/api/now/table/cmn_location/105cf7f3c611227501e75e08b14a38ba', 'value': '105cf7f3c611227501e75e08b14a38ba'}",FALSE,1,INC0000015,5/14/2020 23:38,"{'link': 'https://<instance_name>.service-now.com/api/now/table/sys_user/681b365ec0a80164000fb0b05854a0cd', 'value': '681b365ec0a80164000fb0b05854a0cd'}",,,,1,,2,,,,,,,,,3,I can't launch my VPN client since the last software update,6/3/2020 1:00,2,,incident,admin,5/30/2020 23:40,"{'link': 'https://<instance_name>.service-now.com/api/now/table/sys_user_group/global', 'value': 'global'}",/,46e2fee9a9fe19810049b49dee0daf58,11,,admin,8/28/2020 19:50,INC0000015,,,,,1,,,,,,
27,TRUE,8/28/2020 21:51,,not requested,,,"{'link': 'https://<instance_name>.service-now.com/api/now/table/sys_user/681b365ec0a80164000fb0b05854a0cd', 'value': '681b365ec0a80164000fb0b05854a0cd'}","{'link': 'https://<instance_name>.service-now.com/api/now/table/sys_user_group/8a5055c9c61122780043563ef53438e3', 'value': '8a5055c9c61122780043563ef53438e3'}",1/12/1970 2:38,,959937,1/17/1970 0:00,1382417,"{'link': 'https://<instance_name>.service-now.com/api/now/table/sys_user/f298d2d2c611227b0106c6be7f154bc8', 'value': 'f298d2d2c611227b0106c6be7f154bc8'}",hardware,,,,,5/25/2020 23:40,"{'link': 'https://<instance_name>.service-now.com/api/now/table/sys_user/6816f79cc0a8016401c5a33be04be441', 'value': '6816f79cc0a8016401c5a33be04be441'}",,,,"{'link': 'https://<instance_name>.service-now.com/api/now/table/core_company/31bea3d53790200044e0bfc8bcbe5dec', 'value': '31bea3d53790200044e0bfc8bcbe5dec'}",phone,,,,,,IBM Operation Helpdesk,Seeing puddles of water on the floor of the server room. We've put buckets out to collect the water until this is fixed.,,0,,,,,1,2,FALSE,"{'link': 'https://<instance_name>.service-now.com/api/now/table/cmn_location/108486c7c611227500b093211aa88dcc', 'value': '108486c7c611227500b093211aa88dcc'}",FALSE,1,INC0000016,5/9/2020 23:40,"{'link': 'https://<instance_name>.service-now.com/api/now/table/sys_user/6816f79cc0a8016401c5a33be04be441', 'value': '6816f79cc0a8016401c5a33be04be441'}",,,,1,,2,,,,,,,,,3,Rain is leaking on main DNS Server,,2,,incident,admin,5/30/2020 23:41,"{'link': 'https://<instance_name>.service-now.com/api/now/table/sys_user_group/global', 'value': 'global'}",/,46e3e949a9fe19810069b824ba2c761a,7,,admin,8/28/2020 19:51,INC0000016,,,,,1,,,,,,
28,TRUE,11/24/2015 17:47,,not requested,,,"{'link': 'https://<instance_name>.service-now.com/api/now/table/sys_user/5137153cc611227c000bbd1bd8cd2005', 'value': '5137153cc611227c000bbd1bd8cd2005'}","{'link': 'https://<instance_name>.service-now.com/api/now/table/sys_user_group/d625dccec0a8016700a222a0f7900d06', 'value': 'd625dccec0a8016700a222a0f7900d06'}",,,,,,"{'link': 'https://<instance_name>.service-now.com/api/now/table/sys_user/681ccaf9c0a8016400b98a06818d57c7', 'value': '681ccaf9c0a8016400b98a06818d57c7'}",inquiry,,,,,,,,,,"{'link': 'https://<instance_name>.service-now.com/api/now/table/core_company/31bea3d53790200044e0bfc8bcbe5dec', 'value': '31bea3d53790200044e0bfc8bcbe5dec'}",phone,,,,,,IBM IT Helpdesk,I need to organize my inbox in my email program. However I can't create a sub-folder. I didn't seen an option to create a new folder when right clicking.,,3,,,,1,1,3,FALSE,,FALSE,1,INC0000017,8/12/2015 23:41,"{'link': 'https://<instance_name>.service-now.com/api/now/table/sys_user/9ee1b13dc6112271007f9d0efdb69cd0', 'value': '9ee1b13dc6112271007f9d0efdb69cd0'}",,,,1,,2,,,,,,,,,3,How do I create a sub-folder,9/2/2015 0:00,3,,incident,don.goodliffe,8/25/2015 23:41,"{'link': 'https://<instance_name>.service-now.com/api/now/table/sys_user_group/global', 'value': 'global'}",/,46e482d9a9fe198101d3e3f3e2a14459,36,,admin,11/24/2015 15:47,INC0000017,,,,,1,,,,,,
29,TRUE,8/28/2020 21:37,,not requested,,,"{'link': 'https://<instance_name>.service-now.com/api/now/table/sys_user/681b365ec0a80164000fb0b05854a0cd', 'value': '681b365ec0a80164000fb0b05854a0cd'}",,1/1/1970 2:32,,9173,1/2/1970 0:01,86495,"{'link': 'https://<instance_name>.service-now.com/api/now/table/sys_user/46bac3d6a9fe1981005f299d979b8869', 'value': '46bac3d6a9fe1981005f299d979b8869'}",,,,,,5/16/2020 23:44,,,,,"{'link': 'https://<instance_name>.service-now.com/api/now/table/core_company/31bea3d53790200044e0bfc8bcbe5dec', 'value': '31bea3d53790200044e0bfc8bcbe5dec'}",phone,,,,,,PRODUCT Development,Were the permissions on the sales forecast spreadsheet changed recently? They were editable last week but are read only today. Can someone update the permissions to make the spreadsheet editable again? We need to update the spreadsheet ASAP.,,0,,,,,1,2,FALSE,"{'link': 'https://<instance_name>.service-now.com/api/now/table/cmn_location/1081761cc611227501d063fd3475a2de', 'value': '1081761cc611227501d063fd3475a2de'}",FALSE,1,INC0000018,5/15/2020 23:42,"{'link': 'https://<instance_name>.service-now.com/api/now/table/sys_user/6816f79cc0a8016401c5a33be04be441', 'value': '6816f79cc0a8016401c5a33be04be441'}",,,,1,,1,,,,,,,,,3,Sales forecast spreadsheet is READ ONLY,5/16/2020 7:42,2,,incident,admin,5/30/2020 23:42,"{'link': 'https://<instance_name>.service-now.com/api/now/table/sys_user_group/global', 'value': 'global'}",/,46e57642a9fe1981000b96a5dca501ff,8,,admin,8/28/2020 19:37,INC0000018,,,,,1,,,,,,
30,TRUE,,,not requested,,,"{'link': 'https://<instance_name>.service-now.com/api/now/table/sys_user/46c6f9efa9fe198101ddf5eed9adf6e7', 'value': '46c6f9efa9fe198101ddf5eed9adf6e7'}",,1/4/1970 2:29,,268184,1/7/1970 0:00,518458,"{'link': 'https://<instance_name>.service-now.com/api/now/table/sys_user/5137153cc611227c000bbd1bd8cd2005', 'value': '5137153cc611227c000bbd1bd8cd2005'}",software,,,,,5/23/2020 23:45,,,,,"{'link': 'https://<instance_name>.service-now.com/api/now/table/core_company/31bea3d53790200044e0bfc8bcbe5dec', 'value': '31bea3d53790200044e0bfc8bcbe5dec'}",phone,,,,,,IBM IT Helpdesk,I downloaded and installed 64-bit Windows 7 virtual machine and I can't get it to launch. I'm not sure if I need 64-bit or 32-bit.,,1,,,,,2,2,FALSE,"{'link': 'https://<instance_name>.service-now.com/api/now/table/cmn_location/1059cb53c6112275003052ce61c907e8', 'value': '1059cb53c6112275003052ce61c907e8'}",FALSE,1,INC0000019,5/17/2020 23:44,"{'link': 'https://<instance_name>.service-now.com/api/now/table/sys_user/6816f79cc0a8016401c5a33be04be441', 'value': '6816f79cc0a8016401c5a33be04be441'}",,,,2,"{'link': 'https://<instance_name>.service-now.com/api/now/table/problem/46eaa7c9a9fe198100bbe282da0d4b7d', 'value': '46eaa7c9a9fe198100bbe282da0d4b7d'}",1,,,,,,,,,3,Can't launch 64-bit Windows 7 virtual machine,5/18/2020 23:44,2,,incident,admin,5/30/2020 23:45,"{'link': 'https://<instance_name>.service-now.com/api/now/table/sys_user_group/global', 'value': 'global'}",/,46e8219ba9fe1981013806b6e04fed06,10,,admin,8/28/2020 19:46,INC0000019,,,,,1,,,,,,
31,TRUE,,,not requested,,,"{'link': 'https://<instance_name>.service-now.com/api/now/table/sys_user/681b365ec0a80164000fb0b05854a0cd', 'value': '681b365ec0a80164000fb0b05854a0cd'}",,,,,,,"{'link': 'https://<instance_name>.service-now.com/api/now/table/sys_user/5137153cc611227c000bbd1bd8cd2005', 'value': '5137153cc611227c000bbd1bd8cd2005'}",inquiry,,,,,,,,,,,phone,,,,,,IBM INFRA Helpdesk,I lost my work-issued iPhone 7 while traveling last week and need a replacement device. I've erased the phone remotely and have called my carrier to shut off service to it.,,0,,,,,3,2,FALSE,"{'link': 'https://<instance_name>.service-now.com/api/now/table/cmn_location/1081761cc611227501d063fd3475a2de', 'value': '1081761cc611227501d063fd3475a2de'}",FALSE,1,INC0000020,5/27/2020 23:51,"{'link': 'https://<instance_name>.service-now.com/api/now/table/sys_user/5137153cc611227c000bbd1bd8cd2007', 'value': '5137153cc611227c000bbd1bd8cd2007'}",,,,5,"{'link': 'https://<instance_name>.service-now.com/api/now/table/problem/46fb9e31a9fe198101492060c2a4f8cb', 'value': '46fb9e31a9fe198101492060c2a4f8cb'}",1,,,,,,,,,3,"I need a replacement iPhone, please",,2,,incident,david.loo,5/30/2020 23:51,"{'link': 'https://<instance_name>.service-now.com/api/now/table/sys_user_group/global', 'value': 'global'}",/,46edaa6aa9fe198101b9d14ced16619f,6,,admin,8/28/2020 19:45,INC0000020,,,,,3,,,,,,
32,TRUE,,,not requested,,,"{'link': 'https://<instance_name>.service-now.com/api/now/table/sys_user/681b365ec0a80164000fb0b05854a0cd', 'value': '681b365ec0a80164000fb0b05854a0cd'}",,1/15/1970 0:01,,1209684,1/19/1970 0:01,1555284,"{'link': 'https://<instance_name>.service-now.com/api/now/table/sys_user/9ee1b13dc6112271007f9d0efdb69cd0', 'value': '9ee1b13dc6112271007f9d0efdb69cd0'}",hardware,,,,,5/25/2020 23:55,"{'link': 'https://<instance_name>.service-now.com/api/now/table/sys_user/5137153cc611227c000bbd1bd8cd2007', 'value': '5137153cc611227c000bbd1bd8cd2007'}","{'link': 'https://<instance_name>.service-now.com/api/now/table/cmdb_ci/469facd7a9fe1981015830c43428ca2d', 'value': '469facd7a9fe1981015830c43428ca2d'}",,,"{'link': 'https://<instance_name>.service-now.com/api/now/table/core_company/31bea3d53790200044e0bfc8bcbe5dec', 'value': '31bea3d53790200044e0bfc8bcbe5dec'}",phone,,,,,,IBM IT Helpdesk,I have a project involving video editing to complete. I've installed the editing software and the memory in my laptop is insufficient to run it effectively.,,0,,,,,1,2,FALSE,"{'link': 'https://<instance_name>.service-now.com/api/now/table/cmn_location/105cf7f3c611227501e75e08b14a38ba', 'value': '105cf7f3c611227501e75e08b14a38ba'}",FALSE,1,INC0000025,5/7/2020 23:53,"{'link': 'https://<instance_name>.service-now.com/api/now/table/sys_user/5137153cc611227c000bbd1bd8cd2007', 'value': '5137153cc611227c000bbd1bd8cd2007'}",,,,1,,,,,,,,,,,3,Need to add more memory to laptop,,2,,incident,david.loo,5/30/2020 23:55,"{'link': 'https://<instance_name>.service-now.com/api/now/table/sys_user_group/global', 'value': 'global'}",/,46f09e75a9fe198100f4ffd8d366d17b,6,,admin,8/28/2020 19:44,INC0000025,,,,,1,,,,,,
33,TRUE,8/28/2020 21:44,,not requested,,,"{'link': 'https://<instance_name>.service-now.com/api/now/table/sys_user/681b365ec0a80164000fb0b05854a0cd', 'value': '681b365ec0a80164000fb0b05854a0cd'}",,1/2/1970 2:04,,93885,1/5/1970 0:03,345805,"{'link': 'https://<instance_name>.service-now.com/api/now/table/sys_user/5137153cc611227c000bbd1bd8cd2005', 'value': '5137153cc611227c000bbd1bd8cd2005'}",software,,,,,5/30/2020 23:59,,"{'link': 'https://<instance_name>.service-now.com/api/now/table/cmdb_ci/46d15686a9fe19810031d499aed2dfcf', 'value': '46d15686a9fe19810031d499aed2dfcf'}",,,"{'link': 'https://<instance_name>.service-now.com/api/now/table/core_company/31bea3d53790200044e0bfc8bcbe5dec', 'value': '31bea3d53790200044e0bfc8bcbe5dec'}",phone,,,,,,IBM IT Helpdesk,The hotfix was installed on my PC and now some of my applications have stopped working. Can I roll back to the previous version?,,0,,,,,1,2,FALSE,"{'link': 'https://<instance_name>.service-now.com/api/now/table/cmn_location/1059cb53c6112275003052ce61c907e8', 'value': '1059cb53c6112275003052ce61c907e8'}",FALSE,1,INC0000027,5/26/2020 23:55,"{'link': 'https://<instance_name>.service-now.com/api/now/table/sys_user/5137153cc611227c000bbd1bd8cd2007', 'value': '5137153cc611227c000bbd1bd8cd2007'}",,,,2,"{'link': 'https://<instance_name>.service-now.com/api/now/table/problem/4719b33ea9fe19810036eb762096188b', 'value': '4719b33ea9fe19810036eb762096188b'}",1,,,,,,,,,3,Please remove the latest hotfix from my PC,,2,,incident,david.loo,5/30/2020 23:59,"{'link': 'https://<instance_name>.service-now.com/api/now/table/sys_user_group/global', 'value': 'global'}",/,46f4f4dfa9fe198100063e60278f76ec,10,,admin,8/28/2020 19:52,INC0000027,,,,,2,,,,,,
34,TRUE,8/19/2020 19:54,,not requested,,,"{'link': 'https://<instance_name>.service-now.com/api/now/table/sys_user/9ee1b13dc6112271007f9d0efdb69cd0', 'value': '9ee1b13dc6112271007f9d0efdb69cd0'}","{'link': 'https://<instance_name>.service-now.com/api/now/table/sys_user_group/d625dccec0a8016700a222a0f7900d06', 'value': 'd625dccec0a8016700a222a0f7900d06'}",,,,,,"{'link': 'https://<instance_name>.service-now.com/api/now/table/sys_user/46b87022a9fe198101a78787e40d7547', 'value': '46b87022a9fe198101a78787e40d7547'}",inquiry,,,,,,,"{'link': 'https://<instance_name>.service-now.com/api/now/table/cmdb_ci/46b8e13ba9fe1981005990e20d315e4a', 'value': '46b8e13ba9fe1981005990e20d315e4a'}",,,"{'link': 'https://<instance_name>.service-now.com/api/now/table/core_company/31bea3d53790200044e0bfc8bcbe5dec', 'value': '31bea3d53790200044e0bfc8bcbe5dec'}",phone,,,,,,IBM IT Helpdesk,WeatherBug icon has disappeared from my desktop. Unable to get my weather report.,,3,,,,,3,2,FALSE,"{'link': 'https://<instance_name>.service-now.com/api/now/table/cmn_location/25c1dc820a0a0bb300190ad8f85b3839', 'value': '25c1dc820a0a0bb300190ad8f85b3839'}",FALSE,1,INC0000029,5/29/2020 0:00,"{'link': 'https://<instance_name>.service-now.com/api/now/table/sys_user/5137153cc611227c000bbd1bd8cd2007', 'value': '5137153cc611227c000bbd1bd8cd2007'}",,,,5,,2,,,,,,,,,3,I can't get my weather report,5/29/2020 8:00,2,,incident,david.loo,5/31/2020 0:01,"{'link': 'https://<instance_name>.service-now.com/api/now/table/sys_user_group/global', 'value': 'global'}",/,46f67787a9fe198101e06dfcf3a78e99,5,,admin,8/28/2020 19:50,INC0000029,,,,,3,,,,,,
35,TRUE,8/28/2020 21:44,,not requested,,,"{'link': 'https://<instance_name>.service-now.com/api/now/table/sys_user/5137153cc611227c000bbd1bd8cd2007', 'value': '5137153cc611227c000bbd1bd8cd2007'}",,1/1/1970 0:11,,719,1/1/1970 0:11,719,"{'link': 'https://<instance_name>.service-now.com/api/now/table/sys_user/681ccaf9c0a8016400b98a06818d57c7', 'value': '681ccaf9c0a8016400b98a06818d57c7'}",inquiry,,,,,5/3/2020 0:30,"{'link': 'https://<instance_name>.service-now.com/api/now/table/sys_user/9ee1b13dc6112271007f9d0efdb69cd0', 'value': '9ee1b13dc6112271007f9d0efdb69cd0'}",,,,"{'link': 'https://<instance_name>.service-now.com/api/now/table/core_company/31bea3d53790200044e0bfc8bcbe5dec', 'value': '31bea3d53790200044e0bfc8bcbe5dec'}",phone,,,,,,PRODUCT Development,"Need to adjust layout of UI, add additional fields, and remove a few buttons. We are missing some critical fields that need to get added immediately.",,3,,,,,1,2,FALSE,"{'link': 'https://<instance_name>.service-now.com/api/now/table/cmn_location/25be3d930a0a0bb30011cc746a77c370', 'value': '25be3d930a0a0bb30011cc746a77c370'}",FALSE,1,INC0000031,5/3/2020 0:18,"{'link': 'https://<instance_name>.service-now.com/api/now/table/sys_user/9ee1b13dc6112271007f9d0efdb69cd0', 'value': '9ee1b13dc6112271007f9d0efdb69cd0'}",,,,1,,,,,,,,,,,3,Need help with Remedy. Can we configure UI?,5/3/2020 8:18,2,,incident,don.goodliffe,5/31/2020 0:18,"{'link': 'https://<instance_name>.service-now.com/api/now/table/sys_user_group/global', 'value': 'global'}",/,47064b68a9fe19810186793eefffc9b7,15,,admin,8/28/2020 19:44,INC0000031,,,,,1,,,,,,
36,TRUE,8/28/2020 21:50,,not requested,,,"{'link': 'https://<instance_name>.service-now.com/api/now/table/sys_user/46ca0887a9fe19810191e08e51927ebf', 'value': '46ca0887a9fe19810191e08e51927ebf'}","{'link': 'https://<instance_name>.service-now.com/api/now/table/sys_user_group/d625dccec0a8016700a222a0f7900d06', 'value': 'd625dccec0a8016700a222a0f7900d06'}",1/1/1970 0:00,,43,1/1/1970 0:00,43,"{'link': 'https://<instance_name>.service-now.com/api/now/table/sys_user/46d85d4aa9fe198101e36eb956587fe7', 'value': '46d85d4aa9fe198101e36eb956587fe7'}",inquiry,,,,,5/31/2020 0:35,"{'link': 'https://<instance_name>.service-now.com/api/now/table/sys_user/5137153cc611227c000bbd1bd8cd2007', 'value': '5137153cc611227c000bbd1bd8cd2007'}","{'link': 'https://<instance_name>.service-now.com/api/now/table/cmdb_ci/0c43b55ac6112275019abd2b247baf31', 'value': '0c43b55ac6112275019abd2b247baf31'}",,,"{'link': 'https://<instance_name>.service-now.com/api/now/table/core_company/31bea3d53790200044e0bfc8bcbe5dec', 'value': '31bea3d53790200044e0bfc8bcbe5dec'}",phone,,,,,,IBM INFRA Helpdesk,Need to place order for a new machine. Will need help with installation also.,,0,,,,,1,2,FALSE,"{'link': 'https://<instance_name>.service-now.com/api/now/table/cmn_location/108486c7c611227500b093211aa88dcc', 'value': '108486c7c611227500b093211aa88dcc'}",FALSE,1,INC0000037,5/31/2020 0:34,"{'link': 'https://<instance_name>.service-now.com/api/now/table/sys_user/5137153cc611227c000bbd1bd8cd2007', 'value': '5137153cc611227c000bbd1bd8cd2007'}",,,,3,,1,,,,,,,,,3,Request for a new service,,2,,incident,david.loo,5/31/2020 0:35,"{'link': 'https://<instance_name>.service-now.com/api/now/table/sys_user_group/global', 'value': 'global'}",/,4715ab62a9fe1981018c3efb96143495,8,,admin,8/28/2020 19:51,INC0000037,,,,,3,,,,,,
37,TRUE,,,not requested,,,,"{'link': 'https://<instance_name>.service-now.com/api/now/table/sys_user_group/287ebd7da9fe198100f92cc8d1d2154e', 'value': '287ebd7da9fe198100f92cc8d1d2154e'}",,,,,,"{'link': 'https://<instance_name>.service-now.com/api/now/table/sys_user/46c6f9efa9fe198101ddf5eed9adf6e7', 'value': '46c6f9efa9fe198101ddf5eed9adf6e7'}",network,,,,,,,"{'link': 'https://<instance_name>.service-now.com/api/now/table/cmdb_ci/b0c4030ac0a800090152e7a4564ca36c', 'value': 'b0c4030ac0a800090152e7a4564ca36c'}",,,"{'link': 'https://<instance_name>.service-now.com/api/now/table/core_company/31bea3d53790200044e0bfc8bcbe5dec', 'value': '31bea3d53790200044e0bfc8bcbe5dec'}",phone,,,,,,IBM IT Helpdesk,Unable to access Oregon mail server. Is it down?,,0,,,,,3,1,FALSE,"{'link': 'https://<instance_name>.service-now.com/api/now/table/cmn_location/108486c7c611227500b093211aa88dcc', 'value': '108486c7c611227500b093211aa88dcc'}",FALSE,1,INC0000039,5/31/2020 0:41,"{'link': 'https://<instance_name>.service-now.com/api/now/table/sys_user/46c6f9efa9fe198101ddf5eed9adf6e7', 'value': '46c6f9efa9fe198101ddf5eed9adf6e7'}",,,,5,,,,,,,,,,,3,Trouble getting to Oregon mail server,6/21/2020 0:41,1,,incident,admin,5/31/2020 0:42,"{'link': 'https://<instance_name>.service-now.com/api/now/table/sys_user_group/global', 'value': 'global'}",/,471bfbc7a9fe198101e77a3e10e5d47f,3,,admin,8/28/2020 19:39,INC0000039,,,,,3,,,,,,
38,TRUE,,,not requested,,,"{'link': 'https://<instance_name>.service-now.com/api/now/table/sys_user/681b365ec0a80164000fb0b05854a0cd', 'value': '681b365ec0a80164000fb0b05854a0cd'}",,,,,,,"{'link': 'https://<instance_name>.service-now.com/api/now/table/sys_user/46c6f9efa9fe198101ddf5eed9adf6e7', 'value': '46c6f9efa9fe198101ddf5eed9adf6e7'}",inquiry,,,,,,,"{'link': 'https://<instance_name>.service-now.com/api/now/table/cmdb_ci/0c43b896c6112275019abd2b2b93f464', 'value': '0c43b896c6112275019abd2b2b93f464'}",,,"{'link': 'https://<instance_name>.service-now.com/api/now/table/core_company/31bea3d53790200044e0bfc8bcbe5dec', 'value': '31bea3d53790200044e0bfc8bcbe5dec'}",phone,,,,,,PRODUCT Development,Seeing JavaScript error message on hiring page on Explorer and Firefox.,,0,,,,1,2,3,FALSE,"{'link': 'https://<instance_name>.service-now.com/api/now/table/cmn_location/108486c7c611227500b093211aa88dcc', 'value': '108486c7c611227500b093211aa88dcc'}",FALSE,1,INC0000040,5/31/2020 0:42,"{'link': 'https://<instance_name>.service-now.com/api/now/table/sys_user/6816f79cc0a8016401c5a33be04be441', 'value': '6816f79cc0a8016401c5a33be04be441'}",,,,3,,1,,,,,,,,,3,JavaScript error on hiring page of corporate website,,3,,incident,admin,5/31/2020 0:43,"{'link': 'https://<instance_name>.service-now.com/api/now/table/sys_user_group/global', 'value': 'global'}",/,471d4732a9fe198100affbf655e59172,5,,admin,8/28/2020 19:46,INC0000040,,,,,2,,,,,,
39,TRUE,,,not requested,,,"{'link': 'https://<instance_name>.service-now.com/api/now/table/sys_user/681b365ec0a80164000fb0b05854a0cd', 'value': '681b365ec0a80164000fb0b05854a0cd'}",,,,,,,"{'link': 'https://<instance_name>.service-now.com/api/now/table/sys_user/f298d2d2c611227b0106c6be7f154bc8', 'value': 'f298d2d2c611227b0106c6be7f154bc8'}",hardware,,,,,,,,,,"{'link': 'https://<instance_name>.service-now.com/api/now/table/core_company/31bea3d53790200044e0bfc8bcbe5dec', 'value': '31bea3d53790200044e0bfc8bcbe5dec'}",phone,,,,,,IBM INFRA Helpdesk,Unable to dial out or receive calls. Phone is plugged in but there's no dial tone.,,0,,,,,1,2,FALSE,,FALSE,1,INC0000041,5/31/2020 0:44,"{'link': 'https://<instance_name>.service-now.com/api/now/table/sys_user/f298d2d2c611227b0106c6be7f154bc8', 'value': 'f298d2d2c611227b0106c6be7f154bc8'}",,,,3,,1,,,,,,,,,3,My desk phone does not work,,2,,incident,bow,5/31/2020 0:45,"{'link': 'https://<instance_name>.service-now.com/api/now/table/sys_user_group/global', 'value': 'global'}",/,471eb058a9fe198100f89592e1ea93d3,5,,admin,8/28/2020 19:52,INC0000041,,,,,3,,,,,,
40,TRUE,,,not requested,,,"{'link': 'https://<instance_name>.service-now.com/api/now/table/sys_user/5137153cc611227c000bbd1bd8cd2005', 'value': '5137153cc611227c000bbd1bd8cd2005'}",,,,,,,"{'link': 'https://<instance_name>.service-now.com/api/now/table/sys_user/681ccaf9c0a8016400b98a06818d57c7', 'value': '681ccaf9c0a8016400b98a06818d57c7'}",,,,,,,,,,,"{'link': 'https://<instance_name>.service-now.com/api/now/table/core_company/31bea3d53790200044e0bfc8bcbe5dec', 'value': '31bea3d53790200044e0bfc8bcbe5dec'}",phone,,,,,,IBM IT Helpdesk,"Tried to connect to SAP and all I see is a ""Connecting."" message but nothing else happens.",,0,,,,,1,2,FALSE,,FALSE,1,INC0000044,5/31/2020 0:47,"{'link': 'https://<instance_name>.service-now.com/api/now/table/sys_user/681ccaf9c0a8016400b98a06818d57c7', 'value': '681ccaf9c0a8016400b98a06818d57c7'}",,,,2,,1,,,,,,,,,3,Can't log into SAP from my laptop today,,2,,incident,employee,5/31/2020 0:47,"{'link': 'https://<instance_name>.service-now.com/api/now/table/sys_user_group/global', 'value': 'global'}",/,47204688a9fe1981011a20af100f381a,8,,admin,8/28/2020 19:52,INC0000044,,,,,2,,,,,,
42,TRUE,,,not requested,,,,,,,,,,"{'link': 'https://<instance_name>.service-now.com/api/now/table/sys_user/77ad8176731313005754660c4cf6a7de', 'value': '77ad8176731313005754660c4cf6a7de'}",inquiry,,0,,,,,,,,,,,,,,,PRODUCT Development,Unable to access the shared folder. Please provide access.,,0,,,,,3,1,FALSE,,TRUE,1,INC0009009,8/30/2018 8:06,"{'link': 'https://<instance_name>.service-now.com/api/now/table/sys_user/6816f79cc0a8016401c5a33be04be441', 'value': '6816f79cc0a8016401c5a33be04be441'}",,,,4,,0,0,,,,,,,,3,Unable to access the shared folder.,,1,,incident,admin,8/30/2018 8:06,"{'link': 'https://<instance_name>.service-now.com/api/now/table/sys_user_group/global', 'value': 'global'}",/,57af7aec73d423002728660c4cf6a71c,4,,admin,12/13/2018 7:30,INC0009009,,,proceed,cancel,2,,,,,,
43,TRUE,,,not requested,,,,,,,,,,"{'link': 'https://<instance_name>.service-now.com/api/now/table/sys_user/7a82abf03710200044e0bfc8bcbe5d27', 'value': '7a82abf03710200044e0bfc8bcbe5d27'}",inquiry,,0,,,,,,,,,,,,,,,IBM IT Helpdesk,Wifi connection seems slow. Webpages are taking a very long time to load.,,0,,,,,3,1,FALSE,,TRUE,1,INC0000057,8/10/2016 16:14,"{'link': 'https://<instance_name>.service-now.com/api/now/table/sys_user/6816f79cc0a8016401c5a33be04be441', 'value': '6816f79cc0a8016401c5a33be04be441'}",,,,5,,0,0,,,,,,,,3,Performance problems with wifi,,1,,incident,admin,8/10/2016 16:14,"{'link': 'https://<instance_name>.service-now.com/api/now/table/sys_user_group/global', 'value': 'global'}",/,78271e1347c12200e0ef563dbb9a7109,0,,admin,8/10/2016 16:14,INC0000057,,,proceed,cancel,3,,,,,,
44,TRUE,,,not requested,,,,,,,,,,"{'link': 'https://<instance_name>.service-now.com/api/now/table/sys_user/5137153cc611227c000bbd1bd8cd2006', 'value': '5137153cc611227c000bbd1bd8cd2006'}",inquiry,,0,,,,,,,,,self-service,,,,,,PRODUCT Development,I can access my personal folder but can't access my team's folder on our file share.,,0,,,,,2,1,FALSE,,TRUE,1,INC0000059,8/10/2016 16:14,"{'link': 'https://<instance_name>.service-now.com/api/now/table/sys_user/6816f79cc0a8016401c5a33be04be441', 'value': '6816f79cc0a8016401c5a33be04be441'}",,,,3,,0,0,,,,,,,,3,Unable to access Helpdeskfile share,,1,,incident,admin,8/10/2016 16:14,"{'link': 'https://<instance_name>.service-now.com/api/now/table/sys_user_group/global', 'value': 'global'}",/,85071a1347c12200e0ef563dbb9a71c1,0,,admin,8/10/2016 16:14,INC0000059,,,proceed,cancel,2,,,,,,
45,TRUE,11/24/2015 17:47,,,,,"{'link': 'https://<instance_name>.service-now.com/api/now/table/sys_user/5137153cc611227c000bbd1bd8cd2007', 'value': '5137153cc611227c000bbd1bd8cd2007'}",,,,,,,"{'link': 'https://<instance_name>.service-now.com/api/now/table/sys_user/681ccaf9c0a8016400b98a06818d57c7', 'value': '681ccaf9c0a8016400b98a06818d57c7'}",database,,,,,,,,,,"{'link': 'https://<instance_name>.service-now.com/api/now/table/core_company/31bea3d53790200044e0bfc8bcbe5dec', 'value': '31bea3d53790200044e0bfc8bcbe5dec'}",,,,,,,PRODUCT Development,"I have to analyze all US data in the SFA system, but am unable to get to see the data from the west coast.",,3,,,,1,1,3,FALSE,"{'link': 'https://<instance_name>.service-now.com/api/now/table/cmn_location/108752c8c611227501d4ab0e392ba97f', 'value': '108752c8c611227501d4ab0e392ba97f'}",FALSE,1,INC0000007,8/12/2015 23:08,"{'link': 'https://<instance_name>.service-now.com/api/now/table/sys_user/681ccaf9c0a8016400b98a06818d57c7', 'value': '681ccaf9c0a8016400b98a06818d57c7'}",,,,1,,1,,,,,,,,,1,Need access to sales DB for the West,9/2/2015 0:00,3,,incident,employee,3/10/2014 20:43,"{'link': 'https://<instance_name>.service-now.com/api/now/table/sys_user_group/global', 'value': 'global'}",/,8d6353eac0a8016400d8a125ca14fc1f,50,,admin,11/24/2015 15:47,INC0000007,,,,,1,,,,,,
46,TRUE,,,not requested,,,,,,,,,,"{'link': 'https://<instance_name>.service-now.com/api/now/table/sys_user/f298d2d2c611227b0106c6be7f154bc8', 'value': 'f298d2d2c611227b0106c6be7f154bc8'}",inquiry,,0,,,,,,,,,,,,,,,IBM IT Helpdesk,Taking a really long time to send emails. Last email took almost a minute for sending to complete and there wasn't even an attachment.,,0,,,,,3,1,FALSE,,TRUE,1,INC0000058,8/10/2016 16:37,"{'link': 'https://<instance_name>.service-now.com/api/now/table/sys_user/6816f79cc0a8016401c5a33be04be441', 'value': '6816f79cc0a8016401c5a33be04be441'}",,,,5,,0,0,,,,,,,,3,Performance problems with email,,1,,incident,admin,8/10/2016 16:37,"{'link': 'https://<instance_name>.service-now.com/api/now/table/sys_user_group/global', 'value': 'global'}",/,965c9e5347c12200e0ef563dbb9a7156,0,,admin,8/10/2016 16:37,INC0000058,,,proceed,cancel,3,,,,,,
47,TRUE,8/28/2020 21:51,,,,,"{'link': 'https://<instance_name>.service-now.com/api/now/table/sys_user/46ca0887a9fe19810191e08e51927ebf', 'value': '46ca0887a9fe19810191e08e51927ebf'}","{'link': 'https://<instance_name>.service-now.com/api/now/table/sys_user_group/287ebd7da9fe198100f92cc8d1d2154e', 'value': '287ebd7da9fe198100f92cc8d1d2154e'}",,,,,,"{'link': 'https://<instance_name>.service-now.com/api/now/table/sys_user/5137153cc611227c000bbd1bd8cd2005', 'value': '5137153cc611227c000bbd1bd8cd2005'}",network,,,,,,,"{'link': 'https://<instance_name>.service-now.com/api/now/table/cmdb_ci/b0c25d1bc0a800090168be1bfcdcd759', 'value': 'b0c25d1bc0a800090168be1bfcdcd759'}",,,,,,,,,,PRODUCT Development,User can't get to any of his files on the file server.,,3,,,,4,1,3,FALSE,"{'link': 'https://<instance_name>.service-now.com/api/now/table/cmn_location/108486c7c611227500b093211aa88dcc', 'value': '108486c7c611227500b093211aa88dcc'}",FALSE,1,INC0000002,5/22/2020 23:07,"{'link': 'https://<instance_name>.service-now.com/api/now/table/sys_user/681ccaf9c0a8016400b98a06818d57c7', 'value': '681ccaf9c0a8016400b98a06818d57c7'}",,,,1,"{'link': 'https://<instance_name>.service-now.com/api/now/table/problem/9d3a266ac6112287004e37fb2ceb0133', 'value': '9d3a266ac6112287004e37fb2ceb0133'}",1,,,,,,,,,1,Network file shares access issue,,3,,incident,pat,12/17/2018 22:30,"{'link': 'https://<instance_name>.service-now.com/api/now/table/sys_user_group/global', 'value': 'global'}",/,9d385017c611228701d22104cc95c371,17,,admin,8/28/2020 19:51,INC0000002,,,,,1,,,,,,
49,TRUE,,,not requested,,,,,,,,,,"{'link': 'https://<instance_name>.service-now.com/api/now/table/sys_user/3883f4c0730123002728660c4cf6a754', 'value': '3883f4c0730123002728660c4cf6a754'}",inquiry,,0,,,,,,,,,,,,,,,IBM PAYROLL Helpdesk ,Unable to access the personal details section in payroll portal,,0,,,,3,3,3,FALSE,,TRUE,1,INC0001990,6/7/2020 16:02,"{'link': 'https://<instance_name>.service-now.com/api/now/table/sys_user/6816f79cc0a8016401c5a33be04be441', 'value': '6816f79cc0a8016401c5a33be04be441'}",,,,5,"{'link': 'https://<instance_name>.service-now.com/api/now/table/problem/a1e0f770734123002728660c4cf6a745', 'value': 'a1e0f770734123002728660c4cf6a745'}",0,0,,,,,,,,3,Unable to access the personal details section in payroll portal,,3,,incident,admin,6/7/2020 16:03,"{'link': 'https://<instance_name>.service-now.com/api/now/table/sys_user_group/global', 'value': 'global'}",/,a2496c05731110107418660c4cf6a711,2,,admin,6/7/2020 16:04,INC0001990,,,proceed,cancel,3,,,,,,
50,TRUE,,,not requested,,,,,,,,,,"{'link': 'https://<instance_name>.service-now.com/api/now/table/sys_user/77ad8176731313005754660c4cf6a7de', 'value': '77ad8176731313005754660c4cf6a7de'}",inquiry,,1,,,,,,,,,,,,,,,IBM IT Helpdesk,I am not able to edit a wiki page.,,0,,,,,2,1,FALSE,,TRUE,1,INC0009001,9/12/2018 3:56,"{'link': 'https://<instance_name>.service-now.com/api/now/table/sys_user/6816f79cc0a8016401c5a33be04be441', 'value': '6816f79cc0a8016401c5a33be04be441'}",,,,3,,0,0,,,,,,,,3,Unable to post content on a Wiki page,,1,,incident,admin,9/12/2018 3:57,"{'link': 'https://<instance_name>.service-now.com/api/now/table/sys_user_group/global', 'value': 'global'}",/,a623cdb073a023002728660c4cf6a768,6,,admin,12/13/2018 7:32,INC0009001,,,proceed,cancel,2,,,,,,
52,TRUE,,,not requested,,,"{'link': 'https://<instance_name>.service-now.com/api/now/table/sys_user/46d44a23a9fe19810012d100cca80666', 'value': '46d44a23a9fe19810012d100cca80666'}","{'link': 'https://<instance_name>.service-now.com/api/now/table/sys_user_group/8a4dde73c6112278017a6a4baf547aa7', 'value': '8a4dde73c6112278017a6a4baf547aa7'}",,,,,,"{'link': 'https://<instance_name>.service-now.com/api/now/table/sys_user/681ccaf9c0a8016400b98a06818d57c7', 'value': '681ccaf9c0a8016400b98a06818d57c7'}",inquiry,,,,,,,"{'link': 'https://<instance_name>.service-now.com/api/now/table/cmdb_ci/a9a2d111c611227601fb37542399caa8', 'value': 'a9a2d111c611227601fb37542399caa8'}",,,"{'link': 'https://<instance_name>.service-now.com/api/now/table/core_company/31bea3d53790200044e0bfc8bcbe5dec', 'value': '31bea3d53790200044e0bfc8bcbe5dec'}",phone,,,,,,IBM IT Helpdesk,Can't connect to email from my laptop.,,0,,,,,2,2,FALSE,"{'link': 'https://<instance_name>.service-now.com/api/now/table/cmn_location/108752c8c611227501d4ab0e392ba97f', 'value': '108752c8c611227501d4ab0e392ba97f'}",FALSE,1,INC0000047,8/7/2020 20:53,"{'link': 'https://<instance_name>.service-now.com/api/now/table/sys_user/681ccaf9c0a8016400b98a06818d57c7', 'value': '681ccaf9c0a8016400b98a06818d57c7'}",,,,3,,2,,,,,,,,,3,Issue with email,8/28/2020 20:53,2,email,incident,employee,8/7/2020 20:53,"{'link': 'https://<instance_name>.service-now.com/api/now/table/sys_user_group/global', 'value': 'global'}",/,a9a16740c61122760004fe9095b7ddca,6,,admin,8/28/2020 19:51,INC0000047,,,,,2,,,,,,
53,TRUE,,,not requested,,,,"{'link': 'https://<instance_name>.service-now.com/api/now/table/sys_user_group/8a4dde73c6112278017a6a4baf547aa7', 'value': '8a4dde73c6112278017a6a4baf547aa7'}",,,,,,"{'link': 'https://<instance_name>.service-now.com/api/now/table/sys_user/46c6f9efa9fe198101ddf5eed9adf6e7', 'value': '46c6f9efa9fe198101ddf5eed9adf6e7'}",software,,,,,,,"{'link': 'https://<instance_name>.service-now.com/api/now/table/cmdb_ci/a9c0c8d2c6112276018f7705562f9cb0', 'value': 'a9c0c8d2c6112276018f7705562f9cb0'}",,,,phone,,,,,,IBM IT Helpdesk,Unable to login to SFA even though login credentials are correct.,,0,,,,,1,1,FALSE,"{'link': 'https://<instance_name>.service-now.com/api/now/table/cmn_location/105cf7f3c611227501e75e08b14a38ba', 'value': '105cf7f3c611227501e75e08b14a38ba'}",FALSE,1,INC0000046,8/7/2020 22:04,"{'link': 'https://<instance_name>.service-now.com/api/now/table/sys_user/46c6f9efa9fe198101ddf5eed9adf6e7', 'value': '46c6f9efa9fe198101ddf5eed9adf6e7'}",,,,3,"{'link': 'https://<instance_name>.service-now.com/api/now/table/problem/a9e4890bc6112276003d7a5a5c774a74', 'value': 'a9e4890bc6112276003d7a5a5c774a74'}",1,,,,,,,,,3,Can't access SFA software,8/16/2020 22:04,1,,incident,admin,8/6/2020 22:05,"{'link': 'https://<instance_name>.service-now.com/api/now/table/sys_user_group/global', 'value': 'global'}",/,a9e30c7dc61122760116894de7bcc7bd,4,,glide.maint,8/6/2020 22:37,INC0000046,,,,,3,,,,,,
54,TRUE,,,not requested,,,"{'link': 'https://<instance_name>.service-now.com/api/now/table/sys_user/681b365ec0a80164000fb0b05854a0cd', 'value': '681b365ec0a80164000fb0b05854a0cd'}",,,,,,,"{'link': 'https://<instance_name>.service-now.com/api/now/table/sys_user/46d96f57a9fe198101947a9620895886', 'value': '46d96f57a9fe198101947a9620895886'}",,,,,,,,"{'link': 'https://<instance_name>.service-now.com/api/now/table/cmdb_ci/a9c0c8d2c6112276018f7705562f9cb0', 'value': 'a9c0c8d2c6112276018f7705562f9cb0'}",,,"{'link': 'https://<instance_name>.service-now.com/api/now/table/core_company/31bea3d53790200044e0bfc8bcbe5dec', 'value': '31bea3d53790200044e0bfc8bcbe5dec'}",phone,,,,,,IBM IT Helpdesk,Pages are taking more time to load than normal.,,2,,,,2,2,3,FALSE,"{'link': 'https://<instance_name>.service-now.com/api/now/table/cmn_location/108752c8c611227501d4ab0e392ba97f', 'value': '108752c8c611227501d4ab0e392ba97f'}",FALSE,1,INC0000048,11/2/2015 22:05,"{'link': 'https://<instance_name>.service-now.com/api/now/table/sys_user/46d96f57a9fe198101947a9620895886', 'value': '46d96f57a9fe198101947a9620895886'}",,,,4,"{'link': 'https://<instance_name>.service-now.com/api/now/table/problem/a9e4890bc6112276003d7a5a5c774a74', 'value': 'a9e4890bc6112276003d7a5a5c774a74'}",1,,,,,,,,,3,Having problems with Sales Tools performance,11/3/2015 22:05,3,,incident,admin,11/2/2015 22:06,"{'link': 'https://<instance_name>.service-now.com/api/now/table/sys_user_group/global', 'value': 'global'}",/,a9e428cac61122760075710592216c58,12,,admin,11/24/2015 15:46,INC0000048,,,,,3,,,,,,
55,TRUE,8/28/2020 21:40,,not requested,,,"{'link': 'https://<instance_name>.service-now.com/api/now/table/sys_user/9ee1b13dc6112271007f9d0efdb69cd0', 'value': '9ee1b13dc6112271007f9d0efdb69cd0'}","{'link': 'https://<instance_name>.service-now.com/api/now/table/sys_user_group/8a4dde73c6112278017a6a4baf547aa7', 'value': '8a4dde73c6112278017a6a4baf547aa7'}",,,,,,"{'link': 'https://<instance_name>.service-now.com/api/now/table/sys_user/681ccaf9c0a8016400b98a06818d57c7', 'value': '681ccaf9c0a8016400b98a06818d57c7'}",software,,,,,,,"{'link': 'https://<instance_name>.service-now.com/api/now/table/cmdb_ci/26e46e5b0a0a0bb4005d1146846c429c', 'value': '26e46e5b0a0a0bb4005d1146846c429c'}",,,"{'link': 'https://<instance_name>.service-now.com/api/now/table/core_company/31bea3d53790200044e0bfc8bcbe5dec', 'value': '31bea3d53790200044e0bfc8bcbe5dec'}",phone,,,,,,PRODUCT Development,Was able to access SAP Controlling application last week but doesn't seem to be working as of today. Is there an outage?,,3,,,,,1,2,FALSE,"{'link': 'https://<instance_name>.service-now.com/api/now/table/cmn_location/108752c8c611227501d4ab0e392ba97f', 'value': '108752c8c611227501d4ab0e392ba97f'}",TRUE,1,INC0000051,8/7/2020 20:48,"{'link': 'https://<instance_name>.service-now.com/api/now/table/sys_user/681b365ec0a80164000fb0b05854a0cd', 'value': '681b365ec0a80164000fb0b05854a0cd'}",,,,1,"{'link': 'https://<instance_name>.service-now.com/api/now/table/problem/d7296d02c0a801670085e737da016e70', 'value': 'd7296d02c0a801670085e737da016e70'}",0,,,,,,,,,3,Manager can't access SAP Controlling application,8/7/2020 12:36,2,,incident,itil,8/7/2020 20:48,"{'link': 'https://<instance_name>.service-now.com/api/now/table/sys_user_group/global', 'value': 'global'}",/,d7158da0c0a8016700eef46c8d1f3661,5,,admin,8/28/2020 19:40,INC0000051,,,proceed,cancel,1,,,,,,
56,TRUE,8/21/2020 23:50,,not requested,,,"{'link': 'https://<instance_name>.service-now.com/api/now/table/sys_user/5137153cc611227c000bbd1bd8cd2005', 'value': '5137153cc611227c000bbd1bd8cd2005'}","{'link': 'https://<instance_name>.service-now.com/api/now/table/sys_user_group/8a4dde73c6112278017a6a4baf547aa7', 'value': '8a4dde73c6112278017a6a4baf547aa7'}",,,,,,"{'link': 'https://<instance_name>.service-now.com/api/now/table/sys_user/46c6f9efa9fe198101ddf5eed9adf6e7', 'value': '46c6f9efa9fe198101ddf5eed9adf6e7'}",software,,,,,,,"{'link': 'https://<instance_name>.service-now.com/api/now/table/cmdb_ci/26e426be0a0a0bb40046890d90059eaa', 'value': '26e426be0a0a0bb40046890d90059eaa'}",,,"{'link': 'https://<instance_name>.service-now.com/api/now/table/core_company/31bea3d53790200044e0bfc8bcbe5dec', 'value': '31bea3d53790200044e0bfc8bcbe5dec'}",phone,,,,,,PRODUCT Development,Main menu doesn't load when I open the SAP Financial Accounting application.,,3,,,,,1,2,FALSE,"{'link': 'https://<instance_name>.service-now.com/api/now/table/cmn_location/db96a8480a0a0a65019da337d4a89edc', 'value': 'db96a8480a0a0a65019da337d4a89edc'}",TRUE,1,INC0000052,8/7/2020 20:48,"{'link': 'https://<instance_name>.service-now.com/api/now/table/sys_user/681b365ec0a80164000fb0b05854a0cd', 'value': '681b365ec0a80164000fb0b05854a0cd'}",,,,1,"{'link': 'https://<instance_name>.service-now.com/api/now/table/problem/d7296d02c0a801670085e737da016e70', 'value': 'd7296d02c0a801670085e737da016e70'}",0,,,,,,,,,3,SAP Financial Accounting application appears to be down,8/7/2020 12:40,2,,incident,itil,8/7/2020 20:48,"{'link': 'https://<instance_name>.service-now.com/api/now/table/sys_user_group/global', 'value': 'global'}",/,d7195138c0a8016700fd68449cfcd484,94,,system,8/21/2020 21:50,INC0000052,,,proceed,cancel,1,,,,,,
57,TRUE,8/28/2020 21:42,,not requested,,,"{'link': 'https://<instance_name>.service-now.com/api/now/table/sys_user/46d44a23a9fe19810012d100cca80666', 'value': '46d44a23a9fe19810012d100cca80666'}","{'link': 'https://<instance_name>.service-now.com/api/now/table/sys_user_group/8a4dde73c6112278017a6a4baf547aa7', 'value': '8a4dde73c6112278017a6a4baf547aa7'}",,,,,,"{'link': 'https://<instance_name>.service-now.com/api/now/table/sys_user/46d4a69ba9fe1981001af9616bf01185', 'value': '46d4a69ba9fe1981001af9616bf01185'}",inquiry,,,,,,,"{'link': 'https://<instance_name>.service-now.com/api/now/table/cmdb_ci/26e51a2f0a0a0bb4008628d2254c42db', 'value': '26e51a2f0a0a0bb4008628d2254c42db'}",,,"{'link': 'https://<instance_name>.service-now.com/api/now/table/core_company/31bea3d53790200044e0bfc8bcbe5dec', 'value': '31bea3d53790200044e0bfc8bcbe5dec'}",phone,,,,,,PRODUCT Development,"I've been trying to access the SAP HR application for the last few hours. Each time I go into the application, nothing loads.",,3,,,,,1,2,FALSE,"{'link': 'https://<instance_name>.service-now.com/api/now/table/cmn_location/db96a8480a0a0a65019da337d4a89edc', 'value': 'db96a8480a0a0a65019da337d4a89edc'}",TRUE,1,INC0000053,8/7/2020 20:48,"{'link': 'https://<instance_name>.service-now.com/api/now/table/sys_user/681b365ec0a80164000fb0b05854a0cd', 'value': '681b365ec0a80164000fb0b05854a0cd'}",,,,1,"{'link': 'https://<instance_name>.service-now.com/api/now/table/problem/d7296d02c0a801670085e737da016e70', 'value': 'd7296d02c0a801670085e737da016e70'}",0,,,,,,,,,3,The SAP HR application is not accessible,8/7/2020 12:42,2,,incident,itil,8/7/2020 20:48,"{'link': 'https://<instance_name>.service-now.com/api/now/table/sys_user_group/global', 'value': 'global'}",/,d71b3b41c0a8016700a8ef040791e72a,32,,admin,8/28/2020 19:42,INC0000053,,,proceed,cancel,1,,,,,,
58,TRUE,11/24/2015 17:47,,not requested,,,,"{'link': 'https://<instance_name>.service-now.com/api/now/table/sys_user_group/d625dccec0a8016700a222a0f7900d06', 'value': 'd625dccec0a8016700a222a0f7900d06'}",,,,,,"{'link': 'https://<instance_name>.service-now.com/api/now/table/sys_user/97000fcc0a0a0a6e0104ca999f619e5b', 'value': '97000fcc0a0a0a6e0104ca999f619e5b'}",software,,,,,,,"{'link': 'https://<instance_name>.service-now.com/api/now/table/cmdb_ci/26e44e8a0a0a0bb40095ff953f9ee520', 'value': '26e44e8a0a0a0bb40095ff953f9ee520'}",,,"{'link': 'https://<instance_name>.service-now.com/api/now/table/core_company/31bea3d53790200044e0bfc8bcbe5dec', 'value': '31bea3d53790200044e0bfc8bcbe5dec'}",phone,,,,,,PRODUCT Development,Nothing loads in the application. Is there an outage?,,3,,,,1,1,3,FALSE,"{'link': 'https://<instance_name>.service-now.com/api/now/table/cmn_location/db9a923c0a0a0a6501068d6eaec25ee0', 'value': 'db9a923c0a0a0a6501068d6eaec25ee0'}",TRUE,1,INC0000054,11/2/2015 20:49,"{'link': 'https://<instance_name>.service-now.com/api/now/table/sys_user/681b365ec0a80164000fb0b05854a0cd', 'value': '681b365ec0a80164000fb0b05854a0cd'}",,,,1,"{'link': 'https://<instance_name>.service-now.com/api/now/table/problem/d7296d02c0a801670085e737da016e70', 'value': 'd7296d02c0a801670085e737da016e70'}",0,,,,,,,,,3,SAP Materials Management is slow or there is an outage,11/2/2015 12:45,3,,incident,itil,11/2/2015 20:49,"{'link': 'https://<instance_name>.service-now.com/api/now/table/sys_user_group/global', 'value': 'global'}",/,d71da88ac0a801670061eabfe4b28f77,95,,admin,11/24/2015 15:47,INC0000054,,,proceed,cancel,1,,,,,,
59,TRUE,8/22/2020 1:08,,not requested,,,"{'link': 'https://<instance_name>.service-now.com/api/now/table/sys_user/46d44a23a9fe19810012d100cca80666', 'value': '46d44a23a9fe19810012d100cca80666'}","{'link': 'https://<instance_name>.service-now.com/api/now/table/sys_user_group/d625dccec0a8016700a222a0f7900d06', 'value': 'd625dccec0a8016700a222a0f7900d06'}",,,,,,"{'link': 'https://<instance_name>.service-now.com/api/now/table/sys_user/46c1293aa9fe1981000dc753e75ebeee', 'value': '46c1293aa9fe1981000dc753e75ebeee'}",,,,,,,,"{'link': 'https://<instance_name>.service-now.com/api/now/table/cmdb_ci/26e494480a0a0bb400ad175538708ad9', 'value': '26e494480a0a0bb400ad175538708ad9'}",,,"{'link': 'https://<instance_name>.service-now.com/api/now/table/core_company/31bea3d53790200044e0bfc8bcbe5dec', 'value': '31bea3d53790200044e0bfc8bcbe5dec'}",phone,,,,,,PRODUCT Development,Unable to get into the SAP Sales app. It was working yesterday.,,3,,,,,1,2,FALSE,,TRUE,1,INC0000055,8/8/2020 4:47,"{'link': 'https://<instance_name>.service-now.com/api/now/table/sys_user/681b365ec0a80164000fb0b05854a0cd', 'value': '681b365ec0a80164000fb0b05854a0cd'}",,,,1,"{'link': 'https://<instance_name>.service-now.com/api/now/table/problem/d7296d02c0a801670085e737da016e70', 'value': 'd7296d02c0a801670085e737da016e70'}",0,,,,,,,,,3,SAP Sales app is not accessible,8/7/2020 12:47,2,,incident,itil,8/8/2020 4:49,"{'link': 'https://<instance_name>.service-now.com/api/now/table/sys_user_group/global', 'value': 'global'}",/,d71f7935c0a8016700802b64c67c11c6,10,,admin,8/21/2020 23:08,INC0000055,,,proceed,cancel,1,,,,,,
60,TRUE,8/28/2020 21:51,,,,,"{'link': 'https://<instance_name>.service-now.com/api/now/table/sys_user/46d44a23a9fe19810012d100cca80666', 'value': '46d44a23a9fe19810012d100cca80666'}","{'link': 'https://<instance_name>.service-now.com/api/now/table/sys_user_group/287ebd7da9fe198100f92cc8d1d2154e', 'value': '287ebd7da9fe198100f92cc8d1d2154e'}",,,,,,"{'link': 'https://<instance_name>.service-now.com/api/now/table/sys_user/681ccaf9c0a8016400b98a06818d57c7', 'value': '681ccaf9c0a8016400b98a06818d57c7'}",network,,,,,,,,,,"{'link': 'https://<instance_name>.service-now.com/api/now/table/core_company/31bea3d53790200044e0bfc8bcbe5dec', 'value': '31bea3d53790200044e0bfc8bcbe5dec'}",,,,,,,IBM INFRA Helpdesk,I just moved from floor 2 to floor 3 and my laptop cannot connect to any wireless network.,,0,,,,,1,2,FALSE,"{'link': 'https://<instance_name>.service-now.com/api/now/table/cmn_location/105cf7f3c611227501e75e08b14a38ba', 'value': '105cf7f3c611227501e75e08b14a38ba'}",FALSE,1,INC0000003,5/29/2020 23:07,"{'link': 'https://<instance_name>.service-now.com/api/now/table/sys_user/681b365ec0a80164000fb0b05854a0cd', 'value': '681b365ec0a80164000fb0b05854a0cd'}",,,,1,,2,,,,,,,,,1,Wireless access is down in my area,,2,,incident,admin,1/1/2019 14:41,"{'link': 'https://<instance_name>.service-now.com/api/now/table/sys_user_group/global', 'value': 'global'}",/,e8caedcbc0a80164017df472f39eaed1,12,,admin,8/28/2020 19:51,INC0000003,,,,,1,,,,,,
61,TRUE,12/13/2018 9:18,,not requested,,,,,,,,,,"{'link': 'https://<instance_name>.service-now.com/api/now/table/sys_user/77ad8176731313005754660c4cf6a7de', 'value': '77ad8176731313005754660c4cf6a7de'}",software,,0,,,,,,,,,,,,,,,IBM IT Helpdesk,Unable to send or receive emails.,,0,,,,,1,1,FALSE,,TRUE,1,INC0009005,9/1/2018 4:35,"{'link': 'https://<instance_name>.service-now.com/api/now/table/sys_user/6816f79cc0a8016401c5a33be04be441', 'value': '6816f79cc0a8016401c5a33be04be441'}",,,,1,,0,0,,,,,,,,3,Email server is down.,,1,email,incident,admin,9/1/2018 4:35,"{'link': 'https://<instance_name>.service-now.com/api/now/table/sys_user_group/global', 'value': 'global'}",/,ed92e8d173d023002728660c4cf6a7bc,3,,admin,12/13/2018 7:18,INC0009005,,,proceed,cancel,1,,,,,,
62,TRUE,8/21/2020 23:37,,not requested,,,"{'link': 'https://<instance_name>.service-now.com/api/now/table/sys_user/9ee1b13dc6112271007f9d0efdb69cd0', 'value': '9ee1b13dc6112271007f9d0efdb69cd0'}","{'link': 'https://<instance_name>.service-now.com/api/now/table/sys_user_group/8a5055c9c61122780043563ef53438e3', 'value': '8a5055c9c61122780043563ef53438e3'}",,,,,,"{'link': 'https://<instance_name>.service-now.com/api/now/table/sys_user/46d44a23a9fe19810012d100cca80666', 'value': '46d44a23a9fe19810012d100cca80666'}",network,,,,,,,"{'link': 'https://<instance_name>.service-now.com/api/now/table/cmdb_ci/5fd00a81c0a8010e011635bd6a50fb64', 'value': '5fd00a81c0a8010e011635bd6a50fb64'}",,,"{'link': 'https://<instance_name>.service-now.com/api/now/table/core_company/31bea3d53790200044e0bfc8bcbe5dec', 'value': '31bea3d53790200044e0bfc8bcbe5dec'}",phone,,,,,,IBM IT Helpdesk,"Receiving error message with ""network path not found.""",,3,,,,,2,2,FALSE,"{'link': 'https://<instance_name>.service-now.com/api/now/table/cmn_location/5f669b59c0a8010e00209343c0c6f9c1', 'value': '5f669b59c0a8010e00209343c0c6f9c1'}",TRUE,1,INC0000049,8/7/2020 21:56,"{'link': 'https://<instance_name>.service-now.com/api/now/table/sys_user/glide.maint', 'value': 'glide.maint'}",,,,2,,0,,,,,,,,,3,Network storage unavailable,4/10/2022 5:56,2,,incident,glide.maint,8/7/2020 18:05,"{'link': 'https://<instance_name>.service-now.com/api/now/table/sys_user_group/global', 'value': 'global'}",/,ef4225a40a0a0b5700d0b8a790747812,37,,admin,8/28/2020 19:52,INC0000049,,,proceed,cancel,1,,,,,,
63,TRUE,8/28/2020 21:37,,not requested,,,"{'link': 'https://<instance_name>.service-now.com/api/now/table/sys_user/46d44a23a9fe19810012d100cca80666', 'value': '46d44a23a9fe19810012d100cca80666'}","{'link': 'https://<instance_name>.service-now.com/api/now/table/sys_user_group/8a5055c9c61122780043563ef53438e3', 'value': '8a5055c9c61122780043563ef53438e3'}",,,,,,"{'link': 'https://<instance_name>.service-now.com/api/now/table/sys_user/5b7c200d0a640069006b3845b5d0fa7c', 'value': '5b7c200d0a640069006b3845b5d0fa7c'}",hardware,,,,,,,"{'link': 'https://<instance_name>.service-now.com/api/now/table/cmdb_ci/281190e3c0a8000b003f593aa3f20ca6', 'value': '281190e3c0a8000b003f593aa3f20ca6'}",,,"{'link': 'https://<instance_name>.service-now.com/api/now/table/core_company/31bea3d53790200044e0bfc8bcbe5dec', 'value': '31bea3d53790200044e0bfc8bcbe5dec'}",phone,,,,,,IBM IT Helpdesk,Can't connect to Exchange. Login credentials and network connection are working though.,,3,,,,,1,2,FALSE,"{'link': 'https://<instance_name>.service-now.com/api/now/table/cmn_location/108752c8c611227501d4ab0e392ba97f', 'value': '108752c8c611227501d4ab0e392ba97f'}",TRUE,1,INC0000050,8/7/2020 21:58,"{'link': 'https://<instance_name>.service-now.com/api/now/table/sys_user/glide.maint', 'value': 'glide.maint'}",,,,1,,0,,,,,,,,,3,Can't access Exchange server - is it down?,4/10/2022 5:58,2,,incident,glide.maint,8/7/2020 18:05,"{'link': 'https://<instance_name>.service-now.com/api/now/table/sys_user_group/global', 'value': 'global'}",/,ef43c6d40a0a0b5700c77f9bf387afe3,5,,admin,8/28/2020 19:49,INC0000050,,,proceed,cancel,1,,,,,,
64,TRUE,12/13/2018 9:26,,not requested,,,,"{'link': 'https://<instance_name>.service-now.com/api/now/table/sys_user_group/36c741fa731313005754660c4cf6a70d', 'value': '36c741fa731313005754660c4cf6a70d'}",,,,,,"{'link': 'https://<instance_name>.service-now.com/api/now/table/sys_user/77ad8176731313005754660c4cf6a7de', 'value': '77ad8176731313005754660c4cf6a7de'}",hardware,,1,,,,,,,,,,,,,,,IBM PAYROLL Helpdesk ,Employee payroll application server is down.Not able to login with valid credentials.,,0,,,,,1,1,FALSE,,TRUE,1,INC0007001,10/17/2018 5:47,"{'link': 'https://<instance_name>.service-now.com/api/now/table/sys_user/6816f79cc0a8016401c5a33be04be441', 'value': '6816f79cc0a8016401c5a33be04be441'}",,,,1,,0,0,,,,,,,,3,Employee payroll application server is down.,,1,,incident,admin,10/17/2018 5:47,"{'link': 'https://<instance_name>.service-now.com/api/now/table/sys_user_group/global', 'value': 'global'}",/,f12ca184735123002728660c4cf6a7ef,7,,system,8/29/2020 19:08,INC0007001,,,proceed,cancel,1,,,,,,
65,TRUE,,,not requested,,,,,,,,,,"{'link': 'https://<instance_name>.service-now.com/api/now/table/sys_user/77ad8176731313005754660c4cf6a7de', 'value': '77ad8176731313005754660c4cf6a7de'}",inquiry,,0,,,,,,,,,,,,,,,PRODUCT Development,Need access to the common drive for sharing files which can be accessed by all members. Please provide access.,,0,,,,,3,1,FALSE,,TRUE,1,INC0007002,10/17/2018 5:47,"{'link': 'https://<instance_name>.service-now.com/api/now/table/sys_user/6816f79cc0a8016401c5a33be04be441', 'value': '6816f79cc0a8016401c5a33be04be441'}",,,"{'link': 'https://<instance_name>.service-now.com/api/now/table/incident/f12ca184735123002728660c4cf6a7ef', 'value': 'f12ca184735123002728660c4cf6a7ef'}",4,,0,0,,,,,,,,3,Need access to the common drive.,,1,,incident,admin,10/17/2018 5:48,"{'link': 'https://<instance_name>.service-now.com/api/now/table/sys_user_group/global', 'value': 'global'}",/,ff4c21c4735123002728660c4cf6a758,4,,admin,12/13/2018 7:28,INC0007002,,,proceed,cancel,2,,,,,,
